タイトル,メーカー,発売日,ジャンル,価格,備考,所持
アークススピリッツ,サミー,34264,アクションRPG,8900,－,×
アースライト,ハドソン,33809,シミュレーション,8500,－,×
アースライト ルナ・ストライク,ハドソン,35272,シミュレーション,7980,－,×
アースワーム・ジム,タカラ,34873,アクション,9800,－,×
機甲警察メタルジャック,アトラス,33816,アクション,8800,－,×
R-TYPEIII,アイレム,34313,シューティング,9800,－,×
R.P.M.Racing,ビクターエンタテインメント,33682,レース,8800,－,×
RPGツクール SUPER DANTE,アスキー,34789,その他,9800,－,×
RPGツクール2,アスキー,35095,その他,12800,－,×
アイアンコマンドー,ポッポ,34740,アクション,9800,－,×
アイ・オブ・ザ・ビホルダー,カプコン,34411,RPG,12800,－,×
アウター・ワールド,ビクターエンタテインメント,33935,アクション,8800,－,×
蒼き伝説 シュート!,KSS,34684,スポーツ,10800,－,×
赤ずきんチャチャ,トミー,35286,RPG,7800,－,×
アクションパチ夫,ココナッツジャパンエンターテイメント,34068,アクション,9500,－,×
アクスレイ,コナミ,33858,シューティング,8800,－,×
アクセルブリッド,トミー,34299,アクション,9800,－,×
アクタリオン,テクモ,34278,RPG,8900,－,×
アクトレイザー,エニックス,33223,アクション,8000,－,×
アクトレイザー2 沈黙への聖戦,エニックス,34271,アクション,9300,－,×
悪魔城ドラキュラ,コナミ,33542,アクション,8800,－,×
悪魔城ドラキュラXX,コナミ,34901,アクション,9800,－,×
アクロバットミッション,テイチク,33858,シューティング,8800,－,×
朝日新聞連載 加藤一二三九段将棋 心技流,バリエ,34964,テーブル,12300,－,×
あさめしまえにゃんこ,バンプレスト、ザムス,34411,テーブル,8800,－,×
あしたのジョー,ケイ・アミューズメントリース,33935,スポーツ,8900,－,×
アダムスファミリー,ミサワエンターテインメント,33900,アクション,8800,－,×
アップルシード,ヴィジット,34572,アクション,9800,－,×
アニマニアクス,コナミ,35496,アクション,5800,－,×
アニマル武乱伝～ブルータル～,ケムコ,34690,対戦格闘,9800,－,×
アメージングテニス,パック・イン・ビデオ,33956,スポーツ,8800,－,×
アメリカ横断ウルトラクイズ,トミー,33928,その他,8700,－,×
アメリカン バトルドーム,ツクダオリジナル,35041,アクション,9800,－,×
あらいぐま ラスカル,日本コンピュータシステム,34418,パズル,8900,－,×
アラジン,カプコン,34299,アクション,9000,－,×
アラビアンナイト,タカラ,35230,RPG,7800,－,×
アリスのペイントアドベンチャー,エポック社,34957,アドベンチャー,8800,－,×
アリョール,アルトロン,34551,パズル,9800,－,×
アルカエスト,スクウェア,34320,アクション,8800,－,×
アルカノイド -Doh It Again-,タイトー,35445,アクション,4980,－,×
アルディライトフット,アスキー,34299,アクション,9800,－,×
アルバートオデッセイ,サンソフト,34033,RPG,9600,－,×
アルバートオデッセイ2,サンソフト,34690,シミュレーション,9980,－,×
アレサ,やのまん,34299,RPG,9800,－,×
アレサII,やのまん,34670,RPG,9900,－,×
アンジェリーク,光栄,34600,シミュレーション,9800,－,×
アンジェリーク ヴォイス・ファンタジー,光栄,35153,シミュレーション,9800,－,×
アンジェリーク プレミアムBOX,光栄,35041,シミュレーション,9800,－,×
アンダーカバーコップス,バリエ,34761,アクション,9800,－,×
アンドレ・アガシ テニス,日本物産,34424,スポーツ,8800,－,×
イースIII ワンダラーズ フロム イース,トンキンハウス,33410,アクションRPG,8800,－,×
イースIV～Mask of The Sun～,トンキンハウス,34292,アクションRPG,9800,－,×
イースV 失われた砂の都ケフィン,日本ファルコム,35062,アクションRPG,12800,－,×
イースV エキスパート,光栄,35146,アクションRPG,11800,－,×
イーハトーヴォ物語,ヘクト,34033,アドベンチャー,9700,－,×
怒りの要塞,ジャレコ,34082,アクション,8700,－,×
囲碁倶楽部,ヘクト,35090,テーブル,12800,－,×
磯釣り 離島編,パック・イン・ビデオ,1996-01-19 00:00:00,スポーツ,10800,廉価版：1996/8/30、\5980,×
いただきストリート2,エニックス,1994-02-26 00:00:00,テーブル,9800,廉価版：1997/9/26、\5900,×
一発逆転!! 競馬・競輪・競艇,POW,35181,その他,9800,－,×
イデアの日,ショウエイシステム,34411,RPG,9700,－,×
糸井重里のバス釣りNo.1,任天堂,35482,スポーツ,7800,－,×
伊藤果六段の将棋道場,アスク講談社,34369,テーブル,9600,－,×
稲妻サーブだ!スーパービーチバレー,ヴァージンインタラクティブエンターテインメント,34915,スポーツ,9800,－,×
イルバニアンの城,日本クラリービジネス,34635,シミュレーション,9980,－,×
インターナショナル・テニスツアー,マイクロワールド,34054,スポーツ,8900,－,×
インディ・ジョーンズ,ビクターエンタテインメント,34908,アクション,10800,－,×
ウィザードリィI・II・III ～Story of Llylgamyn～,メディアファクトリー,36312,RPG,3000,ニンテンドーパワー専用,×
ウィザードリィV,アスキー,33928,RPG,9800,－,×
ウィザードリィVI,アスキー,34971,RPG,12800,－,×
ウィザードリィ・外伝IV～胎魔の鼓動～,アスキー,35328,RPG,8000,－,×
ウィザップ!,アスキー,34599,RPG,9900,－,×
ウイニングポスト,光栄,34222,その他,12800,－,×
ウイニングポスト2,光栄,34776,その他,12800,－,×
ウイニングポスト2 プログラム'96,光栄,35342,その他,9800,－,×
ウイングコマンダー,アスキー,34173,シューティング,9800,－,×
ウェディングピーチ,KSS,34971,その他,9800,－,×
ヴェルヌ・ワールド,バンプレスト,34971,RPG,11800,－,×
ウォーリーをさがせ!絵本の国の大冒険,トミー,34019,アドベンチャー,9500,－,×
ウォーロック,アクレイム ジャパン,34845,アクション,10900,－,×
ヴォルテックス,パック・イン・ビデオ,34677,シューティング,9900,－,×
うしおととら,ユタカ,33994,アクション,8800,－,×
宇宙の騎士テッカマンブレード,ベック,34180,アクション,8800,－,×
宇宙レース アストロゴー!ゴー!,メルダック,34390,レース,9800,－,×
海釣り名人～スズキ編～,エレクトロニック・アーツ・ビクター,1994-12-16 00:00:00,スポーツ,9800,廉価版：1996/12/20、\6500,×
海のぬし釣り,パック・イン・ビデオ,35265,スポーツ,7800,－,×
海腹川背,TNN,34691,アクション,9800,－,×
ウルヴァリン,アクレイム ジャパン,34726,アクション,10900,－,×
ウルティマVI,ポニーキャニオン,33697,RPG,9800,－,×
ウルティマVII ザ・ブラックゲート,ポニーキャニオン,34656,RPG,9800,－,×
ウルティマ外伝,エレクトロニック・アーツ・ビクター,34502,RPG,9800,－,×
ウルティマ恐竜帝国,ポニーキャニオン,34908,RPG,9800,－,×
ウルティメイトフットボール,サミー,33809,スポーツ,8700,－,×
ウルトラセブン,バンダイ,34054,対戦格闘,8800,－,×
ウルトラベースボール実名版,マイクロアカデミー,33844,スポーツ,8800,－,×
ウルトラベースボール実名版2,カルチャーブレーン,34690,スポーツ,9800,－,×
ウルトラベースボール実名版3,カルチャーブレーン,34999,スポーツ,9800,－,×
ウルトラマン,バンダイ,33334,対戦格闘,7800,－,×
ウルトラリーグ,ユタカ,34908,スポーツ,9800,－,×
ウルフェンシュタイン3D,イマジニア,34375,アクション,9800,－,×
エアーマネジメント・大空に賭ける,光栄,33699,シミュレーション,11800,－,×
エアーマネジメントII 航空王をめざせ,光栄,34061,シミュレーション,12800,－,×
永遠のフィレーナ,徳間書店インターメディア,34755,RPG,9800,－,×
エイリアン3,アクレイム ジャパン,34159,アクション,8800,－,×
エイリアンVSプレデター,アイ・ジー・エス,33977,アクション,9800,－,×
AIII S.V.,パック・イン・ビデオ,34971,シミュレーション,10800,－,×
エースをねらえ!,日本テレネット,34325,スポーツ,9400,－,×
ABCマンデーナイトフットボール,データイースト,34299,スポーツ,9000,－,×
エキゾースト・ヒート,セタ,33655,レース,8900,－,×
エキゾースト・ヒート F1ドライバーへの軌跡,セタ,34033,レース,9800,－,×
SD F-1グランプリ,ビデオシステム,34999,レース,10900,－,×
SDガンダムX,ユタカ,33865,シミュレーション,9500,－,×
SDガンダム外伝2 円卓の騎士,ユタカ,33956,RPG,9500,－,×
SDガンダム外伝 ナイトガンダム物語,エンジェル,33593,RPG,9500,－,×
SDガンダムGX,バンダイ,34481,シミュレーション,9800,－,×
SDガンダム GNEXT,バンダイ,35055,シミュレーション,12800,－,×
SDガンダム GNEXT専用ロムパック ユニット&マップコレクション,バンダイ,35153,その他,3800,－,×
SDガンダム Power Formation Puzzle,バンダイ,35090,パズル,8800,－,×
SD機動戦士ガンダム2,エンジェル,34235,アクション,8800,－,×
SD機動戦士ガンダム V作戦始動,エンジェル,33859,アクション,7800,－,×
SDザ・グレイトバトル,バンプレスト,33236,アクション,8200,－,×
S.T.G.,アテナ,33690,シューティング,8900,－,×
SD飛龍の拳,カルチャーブレーン,34502,対戦格闘,9800,－,×
エストポリス伝記,タイトー,34145,RPG,8900,－,×
エストポリス伝記II,タイトー,34754,RPG,9980,－,×
エスパークス 異次空からの来訪者,トミー,34789,アクション,9500,－,×
X-MEN,カプコン,34702,アクション,9980,－,×
エドノキバ,マイクロワールド,34040,アクション,8900,－,×
エナジーブレイカー,タイトー,35272,シミュレーション,7980,－,×
NHL プロホッケー'94,エレクトロニック・アーツ・ビクター,34432,スポーツ,9800,－,×
NFL クォーターバッククラブ'95,アクレイム ジャパン,34754,スポーツ,11800,－,×
NFL クォーターバッククラブ'96,アクレイム ジャパン,35125,スポーツ,11800,－,×
NFLフットボール,コナミ,34229,スポーツ,9000,－,×
NFL プロフットボール'94,エレクトロニック・アーツ・ビクター,34327,スポーツ,9800,－,×
NBAオールスターチャレンジ,アクレイム ジャパン,34110,スポーツ,8800,－,×
NBA実況バスケットウイニングダンク,コナミ,34971,スポーツ,10800,－,×
NBA JAM,アクレイム ジャパン,34453,スポーツ,9800,－,×
NBA JAM トーナメントエディション,アクレイム ジャパン,34754,スポーツ,11800,－,×
NBAプロバスケットボール'94,エレクトロニック・アーツ・ビクター,34306,スポーツ,9800,－,×
NBAプロバスケットボールブルズVSブレイザーズ,エレクトロニック・アーツ・ビクター,34026,スポーツ,8900,－,×
NBA LIVE'95,エレクトロニック・アーツ・ビクター,34684,スポーツ,9800,－,×
F-15スーパーストライクイーグル,アスミック,34299,シミュレーション,9600,－,×
F-ZERO,任天堂,33198,レース,7000,－,×
F-1 GRAND PRIX,ビデオシステム,33722,レース,9700,－,×
F-1 GRAND PRIX PARTII,ビデオシステム,34026,レース,9800,－,×
F-1 GRAND PRIX PARTIII,ビデオシステム,34446,レース,9900,－,×
エミット バリューセット,光栄,35048,その他,19800,－,×
エミット vol.1,光栄,34783,その他,11800,ボイサーくんセット：\14800,×
エミット vol.2,光栄,34783,その他,11800,ボイサーくんセット：\14800,×
エミット vol.3,光栄,34783,その他,11800,ボイサーくんセット：\14800,×
MVPベースボール,アクレイム ジャパン,34208,スポーツ,8800,－,×
エメラルドドラゴン,メディアワークス,34908,RPG,9800,－,×
エリア88,カプコン,33445,シューティング,8500,－,×
エルナード,ゲームプラン21,34082,RPG,9600,－,×
エルファリア,ハドソン,33972,RPG,9500,－,×
エルファリアII,ハドソン,34859,RPG,9980,－,×
お絵かきロジック,世界文化社,36312,パズル,2000,ニンテンドーパワー専用,×
お絵かきロジック2,世界文化社,36465,パズル,2000,ニンテンドーパワー専用,×
大相撲魂,タカラ,33949,スポーツ,9000,－,×
おーちゃんのお絵かきロジック,サンソフト,35034,パズル,6980,－,×
大仁田厚「FMW」,ポニーキャニオン,34187,スポーツ,9800,－,×
大物ブラックバスフィッシング人造湖編,アクレイム ジャパン,34880,スポーツ,12800,－,×
岡本綾子とマッチプレイゴルフ,ツクダオリジナル,34689,スポーツ,9700,－,×
押忍!! 空手部,カルチャーブレーン,34572,対戦格闘,10800,－,×
オセロワールド,ツクダオリジナル,33699,テーブル,8700,－,×
織田信長 覇王の軍団,エンジェル,34026,シミュレーション,9500,－,×
おでかけレスタ～れれれのれ,アスミック,34593,アクション,8900,－,×
弟切草,チュンソフト,33670,アドベンチャー,8800,－,×
おとぼけ忍者コロシアム,インテック,34755,アクション,8800,－,×
鬼塚勝也スーパーバーチャルボクシング,ソフエル,34299,スポーツ,9800,－,×
おらがランド主催 ベストファーマー収穫祭,ビック東海,34775,パズル,7800,－,×
オリビアのミステリー,アルトロン,34369,パズル,9800,－,×
音楽ツクール かなでーる,アスキー,35167,その他,9980,－,×
カードマスター,HAL研究所,33690,RPG,8900,－,×
カービィのきらきらきっず,任天堂,36336,パズル,4200,－,×
カービィボウル,任天堂,34598,アクション,7900,－,×
ガイア幻想紀,エニックス,34300,アクションRPG,9800,－,×
ガイアセイバー,バンプレスト,34362,RPG,9800,－,×
描いて・作って・遊べる デザエモン,アテナ,34597,その他,12900,－,×
カオスシード,タイトー,35139,シミュレーション,9980,－,×
化学者ハリーの波乱万丈,アルトロン,34635,アクション,8900,－,×
柿木将棋,アスキー,34943,テーブル,12800,－,×
CACOMA KNIGHT,データム・ポリスター,33929,パズル,7800,－,×
柏木重孝のトップウォーターバッシング,バップ,34747,スポーツ,14800,－,×
課長 島耕作 スーパービジネスアドベンチャー,ユタカ,34229,アドベンチャー,9800,－,×
学校であった怖い話,バンプレスト,34915,アドベンチャー,11800,－,×
ガデュリン,セタ,33386,RPG,8800,－,×
加藤一二三九段 将棋倶楽部,ヘクト,35566,テーブル,4980,－,×
歌舞伎町リーチ麻雀 東風戦,ポニーキャニオン,34530,テーブル,8800,－,×
カブキロックス,アトラス,34397,RPG,9800,－,×
かまいたちの夜,チュンソフト,34663,アドベンチャー,10800,－,×
ガメラ ギャオス撃滅作戦,サミー,34880,シミュレーション,9980,－,×
仮面ライダー,バンダイ,34285,アクション,9800,－,×
仮面ライダーSD,ユタカ,34159,アクション,8800,－,×
カリフォルニアゲームズII,ヘクト,34040,アクション,8800,－,×
迦楼羅王,エピック・ソニーレコード,34383,アクション,8900,－,×
餓狼伝説,タカラ,33935,対戦格闘,9800,－,×
餓狼伝説2,タカラ,34299,対戦格闘,9980,－,×
餓狼伝説SPECIAL,タカラ,34544,対戦格闘,10900,－,×
川のぬし釣り2,パック・イン・ビデオ,1995-04-28 00:00:00,スポーツ,10800,廉価版：1996/8/30、\5980,×
ガンガンガンチャン,マジファクト,34999,アクション,8800,－,×
元祖パチスロ日本一,ココナッツジャパンエンターテイメント,34663,テーブル,9980,－,×
元祖パチンコ王,ココナッツジャパンエンターテイメント,34690,テーブル,9980,－,×
ガンハザード,スクウェア,35118,アクション,11400,－,×
がんばれゴエモン ゆき姫救出絵巻,コナミ,33438,アクション,8800,－,×
がんばれゴエモン2,コナミ,34325,アクション,9800,－,×
がんばれゴエモン3,コナミ,34684,アクション,9800,－,×
がんばれゴエモン きらきら道中,コナミ,35055,アクション,9980,－,×
がんばれ大工の源さん,アイレム,34325,アクション,8900,－,×
ガンフォース,アイレム,33935,アクション,8300,－,×
ガンプル,アスキー,35461,アクションRPG,8000,－,×
キーパー,データム・ポリスター,34530,パズル,7200,－,×
祇園花,日本物産,34684,テーブル,7980,－,×
奇々怪界-月夜草子-,ナツメ,34502,アクション,9500,－,×
奇々怪界-謎の黒マント-,ナツメ,33960,アクション,8500,－,×
喜国雅彦の雀闘士 銅鑼王,POW,34019,テーブル,8900,－,×
喜国雅彦の雀闘士 銅鑼王2,POW,34306,テーブル,8900,－,×
鬼神降臨伝ONI,バンプレスト,34551,RPG,9800,－,×
鬼神童子ZENKI 電影雷舞,ハドソン,35027,アクション,9980,－,×
鬼神童子ZENKI 天地鳴動,ハドソン,35118,テーブル,9980,－,×
鬼神童子ZENKI 烈闘雷伝,ハドソン,34915,アクション,9800,－,×
キッドクラウンのクレイジーチェイス,ケムコ,34628,アクション,8800,－,×
キテレツ大百科 超時空すごろく,ビデオシステム,34726,テーブル,8900,－,×
機動警察パトレイバー,ベック,34446,シミュレーション,9800,－,×
機動戦士ガンダムF91,バンダイ,33425,シミュレーション,9500,－,×
機動戦士ガンダム クロスディメンション0079,バンダイ,34740,シミュレーション,9800,－,×
機動戦士Zガンダム,バンダイ,35125,シミュレーション,11800,－,×
機動戦士Vガンダム,バンダイ,34404,アクション,9800,－,×
機動装甲ダイオン,ビック東海,33952,シューティング,8500,－,×
機動武闘伝Gガンダム,バンダイ,34695,対戦格闘,9800,－,×
キャスパー,KSS,35503,アクション,4980,－,×
KAT'S RUN 全日本Kカー選手権,アトラス,34894,レース,10800,－,×
キャプテンコマンドー,カプコン,34775,アクション,9800,－,×
キャプテン翼III,テクモ,33802,スポーツ,8900,－,×
キャプテン翼IV プロのライバルたち,テクモ,34062,スポーツ,9700,－,×
キャプテン翼V 覇者の称号カンピオーネ,テクモ,34677,スポーツ,9980,－,×
キャプテン翼J,バンダイ,35020,スポーツ,9800,－,×
キャメルトライ,タイトー,33781,アクション,8500,－,×
ギャラクシーウォーズ,イマジニア,34712,シューティング,5980,－,×
ギャラクシーロボ,イマジニア,34404,シミュレーション,9800,－,×
キャラバンシューティングコレクション,ハドソン,34887,シューティング,6800,－,×
キャリアエース,ユーメディア,34908,シミュレーション,12800,－,×
ギャンブル放浪記,バップ,35146,テーブル,8500,－,×
96全国高校サッカー選手権,魔法,35146,スポーツ,7800,－,×
Q*bert3,バップ,33998,パズル,7000,－,×
旧約・女神転生,アトラス,34789,RPG,10800,－,×
ぎゅわんぶらあ自己中心派,パルソフト,33872,テーブル,8800,－,×
ぎゅわんぶらあ自己中心派2,パック・イン・ビデオ,34411,テーブル,8900,－,×
京楽・三洋・豊丸 Parlor!パーラー!,日本テレネット,34788,テーブル,11800,－,×
京楽・三洋・豊丸・大一・マルホン Parlor!パーラー!2,日本テレネット,1995-08-25 00:00:00,テーブル,11800,廉価版：1996/10/25、\6980,×
京楽・三洋・豊丸・奥村・太陽 Parlor!パーラー!3,日本テレネット,1996-01-19 00:00:00,テーブル,11800,廉価版：1996/10/25、\6980,×
京楽・三洋・豊丸・奥村・大一・マルホン Parlor!パーラー!IVCR,日本テレネット,1995-12-29 00:00:00,テーブル,11800,廉価版：1996/1/19、\6980,×
京楽・三洋・マルホン Parlor!パーラー!5,日本テレネット,1996-03-29 00:00:00,テーブル,11800,廉価版：1996/10/25、\6980,×
銀河英雄伝説,徳間書店インターメディア,33872,シミュレーション,9800,－,×
銀河戦国群雄伝 ライ,エンジェル,35132,シミュレーション,10800,－,×
きんぎょ注意報!とびだせ!ゲーム学園,ジャレコ,34411,その他,9800,－,×
キング・オブ・ザ・モンスターズ,タカラ,33816,アクション,8800,－,×
キング・オブ・ザ・モンスターズ2,タカラ,34325,アクション,9800,－,×
近代麻雀スペシャル,イマジニア,1995-03-31 00:00:00,テーブル,9800,廉価版：1996/12/6、廉価版：\5980,×
銀玉親方の実戦パチンコ必勝法,サミー,34747,テーブル,10500,－,×
キン肉マン DIRTY CHALLENGER,ユタカ,33837,対戦格闘,7800,－,×
空想科学世界ガリバーボーイ,バンダイ,35244,アクションRPG,7800,－,×
グーフィーとマックス 海賊島の大冒険,カプコン,34537,アクション,7800,－,×
クールスポット,ヴァージンゲーム,34313,アクション,8900,－,×
グール・パトロール,ビクターエンタテインメント,34845,アクション,8800,－,×
Cu-On-Pa SFC,T&Eソフト,35419,パズル,6800,－,×
くにおくんのドッジボールだよ全員集合!,テクノスジャパン,34187,スポーツ,9600,－,×
くにおのおでん,テクノスジャパン,34481,パズル,6900,－,×
クラシック・ロード,ビクターエンタテインメント,34271,その他,9800,－,×
クラシック・ロードII,ビクターエンタテインメント,34754,その他,12800,－,×
クラッシュ・ダミー,アクレイム ジャパン,34607,アクション,8900,－,×
グラディウスIII,コナミ,33228,シューティング,7800,－,×
グランヒストリア,バンプレスト,34880,RPG,11400,－,×
クリスタルビーンズ フロム ダンジョンエクスプローラー,ハドソン,34999,アクション,9500,－,×
クリスティーワールド,アクレイム ジャパン,33998,アクション,8000,－,×
美食戦隊 薔薇野郎,ヴァージンインタラクティブエンターテインメント,34971,アクション,9800,－,×
クレヨンしんちゃん 嵐を呼ぶ園児,バンダイ,34180,アクション,9500,－,×
クレヨンしんちゃん2 大魔王の逆襲,バンダイ,34481,アクション,6800,－,×
クロックタワー,ヒューマン,34956,アドベンチャー,11400,－,×
クロックワークス,徳間書店,35041,パズル,7800,－,×
クロノ・トリガー,スクウェア,34769,RPG,11400,－,×
ゲームの達人,サンソフト,34922,テーブル,12800,－,×
ゲームの鉄人 THE上海,サンソフト,34985,パズル,9980,－,×
競馬エイトSpecial～マル秘馬券購入術～,ミサワエンターテインメント,34313,その他,9000,－,×
競馬エイトスペシャル2,イマジニア,34607,その他,9980,－,×
競馬予想 馬券錬金術,KSS,34481,その他,9500,－,×
激闘バーニングプロレス,BPS,34978,スポーツ,10800,－,×
激突弾丸自動車決戦 バトルモービル,システムサコム,34145,アクション,8800,－,×
ゲゲゲの鬼太郎,バンダイ,1993-02-05 00:00:00,アクション,8800,復刻版：1996/2/29、\3980,×
決戦!ドカポン王国IV～伝説の勇者たち～,アスミック,34313,テーブル,8900,－,×
月面のアヌビス,イマジニア,35055,アドベンチャー,11800,－,×
けろけろけろっぴの冒険日記,キャラクターソフト,34418,RPG,6980,－,×
幻獣旅団,アクセラ,35947,シミュレーション,2000,ニンテンドーパワー専用,×
拳闘王ワールドチャンピオン,ソフエル,33722,スポーツ,8000,－,×
剣勇伝説ヤイバ,バンプレスト,34418,アクションRPG,9800,－,×
豪血寺一族,アトラス,34621,対戦格闘,10500,－,×
甲子園2,ケイ・アミューズメントリース,33781,スポーツ,8900,－,×
甲子園3,魔法,34544,スポーツ,9800,－,×
甲子園4,魔法,34894,スポーツ,9800,－,×
豪槍神雷伝説「武者」,データム・ポリスター,33715,アクション,8800,－,×
高速思考 将棋皇,イマジニア,1995-03-24 00:00:00,テーブル,12800,廉価版：1996/12/6、\5980,×
鋼鉄の騎士,アスミック,34019,シミュレーション,9800,－,×
鋼鉄の騎士2 砂漠のロンメル軍団,アスミック,34362,シミュレーション,12800,－,×
鋼鉄の騎士3,アスミック,34726,シミュレーション,12800,－,×
攻略カジノバー,日本物産,34894,その他,7800,－,×
項劉記,光栄,34430,シミュレーション,12800,－,×
甲竜伝説ヴィルガスト,バンダイ,33747,RPG,9000,－,×
黄龍の耳,バップ,35055,アクション,9980,－,×
GO GO ACKMAN,バンプレスト,34691,アクション,9000,－,×
GO GO ACKMAN2,バンプレスト,34901,アクション,9500,－,×
GO GO ACKMAN3,バンプレスト,35048,アクション,9800,－,×
GO!GO!ドッジリーグ,パック・イン・ビデオ,34236,スポーツ,7800,－,×
GS美神 除霊師はナイスバディ,バナレックス,34235,アクション,8800,－,×
ゴーストチェイサー 電精,バンプレスト,34600,アクション,9800,－,×
ごきんじょ冒険隊,パイオニアLDC,35209,RPG,7980,－,×
極上パロディウス,コナミ,34663,シューティング,9800,－,×
ゴジラ 怪獣大決戦,東宝,34677,対戦格闘,9980,－,×
コズモギャング ザ パズル,ナムコ,34026,パズル,7900,－,×
コズモギャング ザ ビデオ,ナムコ,33906,シューティング,7900,－,×
コスモポリスギャリバン,日本物産,34131,アクション,8800,－,×
コラムス,メディアファクトリー,36373,パズル,2000,ニンテンドーパワー専用,×
ころんらんど,ユーメディア,34936,アクション,6800,－,×
ゴン,バンダイ,34649,アクション,8800,－,×
魂斗羅スピリッツ,コナミ,33662,アクション,8500,－,×
コンバットライブス,テクノスジャパン,33961,アクション,9300,－,×
コンピュータ脳力解析 ウルトラ馬券,カルチャーブレーン,34845,その他,12800,－,×
紺碧の艦隊,エンジェル,35005,シミュレーション,10800,－,×
サーキットUSA,ヴァージンインタラクティブエンターテインメント,34880,レース,9800,－,×
Xak,サンソフト,34026,アクションRPG,9600,－,×
サージェント・サンダース・コンバット!,アスキー,34971,シミュレーション,12800,－,×
最強～高田延彦～,ハドソン,35060,スポーツ,10900,－,×
サイコドリーム,RIOT,33949,アクション,8900,－,×
サイド・ポケット,データイースト,34411,テーブル,8500,－,×
サイバーナイト,トンキンハウス,33907,RPG,8900,－,×
サイバーナイトII～地球帝国の野望～,トンキンハウス,34572,RPG,9900,－,×
さいばらりえこのまあじゃんほうろうき,タイトー,34740,テーブル,9800,－,×
サイバリオン,東芝EMI,33809,アクション,8600,－,×
サイボーグ009,ベック,34390,アクション,8800,－,×
サウンドノベルツクール,アスキー,35216,その他,8200,－,×
ザ・キングオブドラゴンズ,カプコン,34397,アクション,9800,－,×
ザ・キングオブ・ラリー,メルダック,33966,レース,8800,－,×
桜井章一の雀鬼流麻雀必勝法,サミー,34956,テーブル,9980,－,×
ザ・グレイトバトルII ラストファイターツイン,バンプレスト,33690,アクション,8200,－,×
ザ・グレイトバトルIII,バンプレスト,34054,アクション,8700,－,×
ザ・グレイトバトルIV,バンプレスト,34685,アクション,9600,－,×
ザ・グレイトバトルV,バンプレスト,35055,アクション,9800,－,×
ザ・グレイトバトル外伝2,バンプレスト,34362,アクション,9500,－,×
ざくろの味,イマジニア,35055,アドベンチャー,11800,－,×
3×3EYES 聖魔降臨伝,ユタカ,33813,RPG,9500,－,×
3×3EYES～獣魔奉還～,バンプレスト,35055,アクション,10800,－,×
ザ・心理ゲーム～悪魔のココロジー～,ヴィジット,34054,その他,9800,－,×
ザ・心理ゲーム2～マジカルトリップ～,ヴィジット,34740,その他,8800,－,×
ザ・心理ゲーム3,ヴィジット,34936,その他,9800,－,×
サッカーキッド,やのまん,34331,アクション,8800,－,×
ザ・ニンジャウォーリアーズ～アゲイン～,タイトー,34362,アクション,9300,－,×
ザ・ファイヤーメン,ヒューマン,34586,アクション,9300,－,×
ザ・フリントストーンズ,タイトー,34558,アクション,8500,－,×
ザ ブルークリスタルロッド,ナムコ,34418,アドベンチャー,9800,－,×
The麻雀・闘牌伝,ビデオシステム,34075,テーブル,8900,－,×
サムライスピリッツ,タカラ,34599,対戦格闘,10900,－,×
鮫亀,ハドソン,35125,パズル,8980,－,×
ザ・モノポリーゲーム2,トミー,34789,テーブル,11500,－,×
ザ・ラストバトル,テイチク,34670,RPG,9800,－,×
サラブレッドブリーダー,ヘクト,34208,その他,9700,－,×
サラブレッドブリーダーII,ヘクト,34493,その他,12800,－,×
サラブレッドブリーダーIII,ヘクト,35356,その他,8200,－,×
斬IIスピリッツ,ウルフ・チーム,33753,シミュレーション,9800,－,×
斬IIIスピリッツ,日本テレネット、ウルフ・チーム,34404,シミュレーション,12800,－,×
SANKYO Fever!フィーバー!,日本テレネット,34635,テーブル,9800,－,×
三國志III,光栄,33916,シミュレーション,14800,－,×
三國志IV,光栄,34677,シミュレーション,14800,－,×
三國志英傑伝,光栄,35061,シミュレーション,12800,－,×
三国志正史 天舞スピリッツ,ウルフ・チーム,34145,シミュレーション,12800,－,×
サンサーラ・ナーガ2,ビクターエンタテインメント,34530,RPG,9800,－,×
3次元格闘ボールズ,メディアリング,34817,対戦格闘,9800,－,×
サンスポフィッシング 渓流王,イマジニア,1994-12-22 00:00:00,スポーツ,9980,廉価版：1996/12/6、\5980,×
サンダースピリッツ,東芝EMI,33599,シューティング,8600,－,×
サンダーバード,コブラチーム,34222,アクション,8800,－,×
サンドラの大冒険,ナムコ,33808,アクション,8300,－,×
サンリオ上海,キャラクターソフト,34577,パズル,6980,－,×
サンリオワールドスマッシュボール!,キャラクターソフト,34166,アクション,6980,－,×
ジ・アトラス,パック・イン・ビデオ,34782,シミュレーション,10800,－,×
G.O.D～目覚めよと呼ぶ声が聴こえ～,イマジニア,35419,RPG,7980,－,×
ジーコ サッカー,エレクトロニック・アーツ・ビクター,34397,スポーツ,9800,－,×
G2 ジェノサイド,ケムコ,34551,アクション,9800,－,×
GTレーシング,イマジニア,35153,レース,10800,－,×
CBキャラウォーズ,バンプレスト,33844,アクション,8500,－,×
GP-1,アトラス,34145,レース,8800,－,×
GP-1 RS,アトラス,34656,レース,9800,－,×
シヴィライゼーション 世界七大文明,アスミック,34614,シミュレーション,12800,－,×
JWP女子プロレス ピュア・レッスル・クイーンズ,ジャレコ,34691,スポーツ,9800,－,×
JBザ・スーパーバス,NGP,35048,スポーツ,11800,－,×
Jリーグ'96 ドリームスタジアム,ハドソン,35217,スポーツ,7980,－,×
Jリーグエキサイトステージ'94,エポック社,34455,スポーツ,9800,－,×
Jリーグエキサイトステージ'95,エポック社,34817,スポーツ,9800,－,×
Jリーグエキサイトステージ'96,エポック社,35181,スポーツ,7980,－,×
Jリーグサッカー プライムゴール,ナムコ,34187,スポーツ,8500,－,×
Jリーグサッカー プライムゴール2,ナムコ,34551,スポーツ,8800,－,×
Jリーグサッカー プライムゴール3,ナムコ,34915,スポーツ,9800,－,×
Jリーグスーパーサッカー,ハドソン,34411,スポーツ,9500,－,×
Jリーグスーパーサッカー'95 実況スタジアム,ハドソン,34775,スポーツ,9980,－,×
ジェリーボーイ,エピック・ソニーレコード,33494,アクション,8500,－,×
紫炎 ザ・ブレイドチェイサー,ダイナミック企画,34432,アクション,9600,－,×
史記英雄伝,アウトリガー工房,34887,RPG,10800,－,×
ジグザグキャット,DEN'Z,34509,パズル,9500,－,×
ジグソーパーティ,ホリ電機,34537,パズル,8200,－,×
史上最強のクイズ王決定戦SUPER,ヨネザワ,33966,その他,8900,－,×
史上最強リーグ セリエA Ace Striker,TNN,34789,スポーツ,9980,－,×
四柱推命学入門 真桃源郷,バンプレスト,34964,その他,11800,－,×
実況おしゃべりパロディウス,コナミ,35048,シューティング,9980,－,×
実況競馬シミュレーション ステイブルスター,コナミ,35146,その他,11800,－,×
実況パワープロレスリング'96,コナミ,35321,スポーツ,7980,－,×
実況パワフルプロ野球'94,コナミ,34404,スポーツ,9000,－,×
実況パワフルプロ野球2,コナミ,34754,スポーツ,9980,－,×
実況パワフルプロ野球3,コナミ,35124,スポーツ,7500,－,×
実況パワフルプロ野球'96 開幕版,コナミ,35265,スポーツ,7500,－,×
実況パワフルプロ野球3 '97春,コナミ,35509,スポーツ,6800,－,×
実況パワフルプロ野球BASIC'98,コナミ,35873,スポーツ,5800,－,×
実況ワールドサッカー2 FIGHTING ELEVEN,コナミ,34964,スポーツ,9980,－,×
実況ワールドサッカー PERFECT ELEVEN,コナミ,34649,スポーツ,9980,－,×
実戦競艇,イマジニア,1995-06-23 00:00:00,その他,11800,廉価版：1996/12/20、\5980,×
実戦!バスフィッシング必勝法 IN USA,サミー,34936,スポーツ,9800,－,×
実戦パチスロ必勝法,サミー,34299,テーブル,9500,－,×
実戦パチスロ必勝法2,サミー,34593,テーブル,9980,－,×
実戦パチスロ必勝法クラシック,サミー,34887,テーブル,9500,－,×
実戦パチスロ必勝法!TWIN,サミー,35504,テーブル,5980,－,×
実戦パチスロ必勝法!Twin vol.2,サミー,35685,テーブル,5980,－,×
実戦パチスロ必勝法!山佐伝説,サミー,35160,テーブル,6900,－,×
実戦パチンコ必勝法!2,サミー,35132,テーブル,7800,－,×
実戦!麻雀指南,アスク講談社,34712,テーブル,9800,－,×
ジミーコナーズのプロテニスツアー,ミサワエンターテインメント,34271,スポーツ,8900,－,×
シミュレーションプロ野球,ヘクト,34817,スポーツ,12800,－,×
シムアース,イマジニア,33601,シミュレーション,9600,－,×
シムアント,イマジニア,34026,シミュレーション,12800,－,×
シムシティ2000,イマジニア,34845,シミュレーション,12800,－,×
シムシティー,任天堂,33354,シミュレーション,8000,－,×
シムシティJr.,イマジニア,35272,シミュレーション,8200,－,×
下野正希のFishing To Bassing,ナツメ,34623,スポーツ,9800,－,×
ジャスティス・リーグ,アクレイム ジャパン,34999,対戦格闘,11800,－,×
ジャッジ・ドレッド,アクレイム ジャパン,34999,アクション,10900,－,×
シャドウラン,データイースト,34418,アクションRPG,9800,－,×
ジャムズ,カロッツェリアジャパン,34740,パズル,7800,－,×
ジャングルウォーズ2,ポニーキャニオン,34047,RPG,9500,－,×
ジャングルストライク,エレクトロニック・アーツ・ビクター,34964,シューティング,9900,－,×
ジャングルの王者ターちゃん～世界漫遊大格闘の巻～,バンダイ,34595,アクション,8800,－,×
ジャングルブック,ヴァージンゲーム,34530,アクション,9800,－,×
上海III,サンソフト,1994-09-15 00:00:00,パズル,8900,廉価版：1997/7/25、\4900,×
上海 万里の長城,サンソフト,1995-11-17 00:00:00,パズル,9800,廉価版：1997/8/8、\4800,×
ジャンピンダービー,ナグザット,35181,その他,9800,－,×
ジャンボ尾崎のホールインワン,HAL研究所,33292,スポーツ,8900,－,×
雀遊記 悟空乱打,ヴァージンゲーム,34712,テーブル,8900,－,×
就職ゲーム,イマジニア,34908,シミュレーション,11800,－,×
重装機兵ヴァルケン,日本コンピュータシステム,33956,アクション,8800,－,×
樹帝戦紀,エニックス,34208,シミュレーション,9600,－,×
首都高バトル2,BPS,34754,レース,9800,－,×
ジュラシック・パーク,ジャレコ,34509,アクション,9800,－,×
将棋倶楽部,ヘクト,34754,テーブル,8800,－,×
将棋最強,魔法,34901,テーブル,14800,－,×
将棋最強II,魔法,35104,テーブル,10800,－,×
将棋三昧,ヴァージンインタラクティブエンターテインメント,35055,テーブル,9800,－,×
将棋 風林火山,ポニーキャニオン,34271,テーブル,8800,－,×
将棋・麻雀,バリエ,34789,その他,9800,－,×
常勝麻雀 天牌,エニックス,34971,テーブル,8900,－,×
商人よ、大志を抱け!!,バンダイ,35048,テーブル,9800,－,×
少年アシベ ゴマちゃんのゆうえんち大冒険,タカラ,33960,アクション,7800,－,×
少年忍者サスケ,サンソフト,34635,アクション,9800,－,×
JOE&MAC戦え原始人,データイースト,33578,アクション,8500,－,×
ジョジョの奇妙な冒険,コブラチーム,34033,RPG,9500,－,×
初代熱血硬派くにおくん,テクノスジャパン,33823,アクションRPG,8900,－,×
初段位認定 初段プロ麻雀,ギャップス,34817,テーブル,9800,－,×
初段 森田将棋,セタ,33473,テーブル,8800,－,×
シルヴァ・サーガII,セタ,34145,RPG,9800,－,×
白いリングへ,ポニーキャニオン,34999,スポーツ,9980,－,×
真・一攫千金,バップ,34887,その他,9800,－,×
新SD戦国伝 大将軍列伝,ベック,34810,シミュレーション,9800,－,×
新機動戦記ガンダムW,バンダイ,35153,対戦格闘,7500,－,×
シンジケート,エレクトロニック・アーツ・ビクター,34838,シミュレーション,9800,－,×
新・将棋倶楽部,ヘクト,34964,パズル,12800,－,×
真髄対局囲碁 碁仙人,J・ウイング,34852,テーブル,15500,－,×
新スタートレック,徳間書店,35020,アドベンチャー,9800,－,×
神聖紀オデッセリア,ビック東海,34138,RPG,9500,－,×
神聖紀オデッセリアII,ビック東海,34978,RPG,10800,－,×
信長公記,やのまん,33998,シミュレーション,12500,－,×
新日本プロレスリング公認'95闘強導夢BATTLE7,バリエ,34880,スポーツ,11800,－,×
新日本プロレスリング 超戦士 IN 闘強導夢,バリエ,34226,スポーツ,9800,－,×
新日本プロレスリング'94 バトルフィールド IN 闘強導夢,バリエ,34558,スポーツ,11800,－,×
新・熱血硬派 くにおたちの挽歌,テクノスジャパン,34453,アクション,9800,－,×
真・麻雀,コナミ,34423,テーブル,9000,－,×
真・女神転生,アトラス,33907,RPG,9800,－,×
真・女神転生II,アトラス,34411,RPG,9990,－,×
真・女神転生if…,アトラス,34635,RPG,9990,－,×
新 桃太郎伝説,ハドソン,34327,RPG,9800,－,×
ZOOっと麻雀!,任天堂,35977,テーブル,2000,ニンテンドーパワー専用,×
スーパーSWIV,ココナッツジャパンエンターテイメント,33921,シューティング,9500,－,×
スーパーR-TYPE,アイレム,33432,シューティング,8500,－,×
スーパー蒼き狼と白き牝鹿 元朝秘史,光栄,34053,シミュレーション,11800,－,×
スーパーアレスタ,東宝,33722,シューティング,8700,－,×
SUPER E.D.F.,ジャレコ,33536,シューティング,8700,－,×
スーパー囲碁 碁王,ナグザット,34432,テーブル,14800,－,×
スーパー伊忍道 打倒信長,光栄,33682,RPG,11800,－,×
スーパー インディ チャンプ,フォーラム,34425,レース,9200,－,×
スーパーヴァリアブル・ジオ,テイジイエル(TGL),34901,対戦格闘,9980,－,×
スーパーヴァリス 赤き月の乙女,レーザーソフト,33690,アクション,8500,－,×
スーパーUNO,トミー,34285,テーブル,8500,－,×
スーパーウルトラベースボール,カルチャーブレーン,33431,スポーツ,8800,－,×
スーパーウルトラベースボール2,カルチャーブレーン,34543,スポーツ,9800,－,×
スーパーエアダイバー,アスミック,34166,シミュレーション,8900,－,×
スーパーエアダイバー2,アスミック,34761,シューティング,9800,－,×
スーパーH.Q.クリミナルチェイサー,タイトー,34299,レース,8900,－,×
スーパーF-1サーカス,日本物産,33809,レース,8800,－,×
スーパーF1サーカス2,日本物産,34179,レース,9500,－,×
スーパーF1サーカス3,日本物産,34530,レース,9900,－,×
スーパーF1サーカス外伝,日本物産,34887,レース,9900,－,×
スーパーF-1サーカスリミテッド,日本物産,33900,レース,9200,－,×
スーパー大相撲熱戦大一番,ナムコ,33956,スポーツ,8800,－,×
スーパー億万長者ゲーム,タカラ,1995-11-24 00:00:00,テーブル,9800,廉価版：1997/8/8、\5980,×
スーパーオフロード,パック・イン・ビデオ,33788,レース,6900,－,×
スーパーカジノ シーザースパレス,ココナッツジャパンエンターテイメント,34263,その他,8900,－,×
スーパーカジノ2,ココナッツジャパンエンターテイメント,34635,その他,9800,－,×
スーパーカップサッカー,ジャレコ,33718,スポーツ,9000,－,×
スーパーキックオフ,ミサワエンターテインメント,33963,スポーツ,7700,－,×
スーパーキックボクシング,エレクトロ・ブレイン・ジャパン,34033,スポーツ,8800,－,×
スーパー・キャッスルズ,ビクターエンタテインメント,34690,シミュレーション,9800,－,×
スーパー究極ハリキリスタジアム,タイトー,34306,スポーツ,9500,－,×
スーパー究極ハリキリスタジアム2,タイトー,34558,スポーツ,9500,－,×
スーパー競走馬～風のシルフィード～,キングレコード,34250,その他,9300,－,×
スーパー競艇,日本物産,34880,その他,9500,－,×
スーパー競艇2,日本物産,35181,その他,8500,－,×
すーぱーぐっすんおよよ,バンプレスト,34922,パズル,9980,－,×
すーぱーぐっすんおよよ2,バンプレスト,35209,パズル,7800,－,×
スーパー競馬,アイマックス,34191,その他,9700,－,×
スーパー競馬2,アイマックス,34838,その他,11800,－,×
スーパー競輪,アイマックス,34894,その他,9800,－,×
超原人,ハドソン,34537,アクション,8800,－,×
超原人2,ハドソン,34908,アクション,8900,－,×
スーパー高校野球 一球入魂,アイマックス,34551,スポーツ,9800,－,×
超ゴジラ,東宝,34325,シミュレーション,9800,－,×
スーパー五目将棋,日本物産,34656,テーブル,9500,－,×
スーパー五目ならべ 連珠,ナグザット,34418,テーブル,8800,－,×
スーパー三國志,光栄,34558,シミュレーション,9800,－,×
スーパー三國志II,光栄,33496,シミュレーション,14800,－,×
スーパー・ジェームスポンドII,ビクターエンタテインメント,34173,アクション,8800,－,×
スーパー雀豪,ビクターエンタテインメント,34775,テーブル,9800,－,×
スーパー上海ドラゴンズアイ,ホット・ビィ,33722,パズル,7800,－,×
スーパー将棋,アイマックス,33774,テーブル,8800,－,×
スーパー将棋2,アイマックス,34502,テーブル,9800,－,×
スーパー将棋3～棋太平～,アイマックス,35062,テーブル,12800,－,×
スーパー人生ゲーム,タカラ,34411,テーブル,9800,－,×
スーパー人生ゲーム2,タカラ,34950,テーブル,9800,－,×
スーパー人生ゲーム3,タカラ,35398,テーブル,5980,－,×
スーパースコープ X ZONE,ケムコ,34208,スポーツ,6500,－,×
スーパースコープ スペースバズーカ,任天堂,34141,シューティング,6500,－,×
スーパースコープ デストラクティブ,バンダイ,34208,スポーツ,6800,－,×
スーパースコープ+スーパースコープ6,任天堂,34141,シューティング,9800,－,×
スーパースコープ ヨッシーのロードハンティング,任天堂,34164,シューティング,6500,－,×
スーパー・スター・ウォーズ,ビクターエンタテインメント,33956,アクション,8800,－,×
スーパー・スター・ウォーズ ジェダイの復讐,ビクターエンタテインメント,34873,アクション,10800,－,×
スーパー・スター・ウォーズ帝国の逆襲,ビクターエンタテインメント,34320,アクション,9800,－,×
スーパースタジアム,セタ,33421,スポーツ,8800,－,×
スーパーストリートファイターII,カプコン,34510,対戦格闘,10900,－,×
スーパースネーキー,四次元,34684,パズル,7800,－,×
スーパースラップショット,アルトロン,34201,スポーツ,8500,－,×
スーパー3Dベースボール,ジャレコ,34243,スポーツ,12800,－,×
スーパー倉庫番,パック・イン・ビデオ,1993-01-29 00:00:00,パズル,7800,廉価版：1996/11/29、\4980,×
スーパー大航海時代,光栄,33821,シミュレーション,11800,－,×
スーパーダブル役満,バップ,34425,テーブル,9000,－,×
スーパーダブル役満II,バップ,35503,テーブル,7500,－,×
スーパータリカン,トンキンハウス,34215,アクション,7500,－,×
スーパーダンクショット,HAL研究所,33774,スポーツ,8600,－,×
スーパーダンクスター,サミー,34087,スポーツ,7900,－,×
スーパーチャイニーズファイター,カルチャーブレーン,34702,対戦格闘,9800,－,×
スーパーチャイニーズワールド,カルチャーブレーン,33600,アクションRPG,8800,－,×
スーパーチャイニーズワールド2,カルチャーブレーン,34271,アクションRPG,9800,－,×
スーパーチャイニーズワールド3,カルチャーブレーン,35055,アクションRPG,9800,－,×
スーパーヅガン～ハコテン城からの招待状～,エレクトロニック・アーツ・ビクター,34376,テーブル,8800,－,×
スーパーヅガン2 ツカンポファイター,J・ウイング,34698,テーブル,9980,－,×
スーパー詰将棋1000,ボトムアップ,34684,テーブル,9800,－,×
スーパー鉄球ファイト!,バンプレスト,34957,アクション,9000,－,×
スーパーテトリス2+ボンブリス,BPS,33956,パズル,8500,－,×
スーパーテトリス2+ボンブリス 限定版,BPS,34355,パズル,8500,－,×
スーパーテトリス3,BPS,34684,パズル,8500,－,×
スーパーテニス ワールドサーキット,トンキンハウス,33480,スポーツ,7800,－,×
スーパードッグファイト,パック・イン・ビデオ,34509,シューティング,9800,－,×
スーパードラッケン,ケムコ,34572,アクション,9800,－,×
スーパートランプコレクション,ボトムアップ,1995-04-21 00:00:00,テーブル,8900,廉価版：1995/12/8、\6900,×
スーパートランプコレクション2,ボトムアップ,35265,テーブル,5800,－,×
スーパードリフトアウト,ビスコ,34754,レース,9980,－,×
スーパートロールアイランド,ケムコ,34418,アクション,8900,－,×
スーパードンキーコング,任天堂,34664,アクション,9800,－,×
スーパードンキーコング2,任天堂,35024,アクション,9800,－,×
スーパードンキーコング3 謎のクレミス島,任天堂,35392,アクション,6800,－,×
スーパーナグザットオープン,ナグザット,34411,スポーツ,9500,－,×
す～ぱ～なぞぷよ通 ルルーの鉄腕繁盛記,コンパイル,35244,パズル,9800,－,×
す～ぱ～なぞぷよ ルルーのルー,バンプレスト,34845,パズル,9200,－,×
スーパーニチブツマージャン,日本物産,33956,テーブル,8800,－,×
スーパーニチブツマージャン2 全国制覇篇,日本物産,34271,テーブル,9800,－,×
スーパーニチブツマージャン3 吉本劇場篇,日本物産,34544,テーブル,10800,－,×
スーパーニチブツマージャン4基礎研究編,日本物産,35335,テーブル,7500,－,×
すーぱー忍者くん,ジャレコ,34551,アクション,7900,－,×
スーパー信長の野望・全国版,光栄,34186,シミュレーション,8800,－,×
スーパー信長の野望・武将風雲録,光栄,33593,シミュレーション,11800,－,×
スーパーバーディ・ラッシュ,データイースト,33669,スポーツ,8800,－,×
スーパーハイインパクト,アクレイム ジャパン,34159,スポーツ,8800,－,×
スーパー馬券王'95,テイチク,34782,その他,9980,－,×
スーパーパチスロマージャン,日本物産,34452,テーブル,9500,－,×
スーパーパチンコ,アイマックス,34544,テーブル,9800,－,×
スーパーパチンコ大戦,バンプレスト,34817,テーブル,6900,－,×
スーパーバック・トゥ・ザ・フューチャー2,東芝EMI,34173,アクション,9000,－,×
スーパーバトルタンク,パック・イン・ビデオ,34082,アクション,7800,－,×
スーパーバトルタンク2,パック・イン・ビデオ,34481,シューティング,9800,－,×
スーパー花札,アイマックス,34551,テーブル,8800,－,×
スーパー花札2,アイマックス,34992,テーブル,9800,－,×
スーパーバレーII,ビデオシステム,33963,スポーツ,8900,－,×
スーパーパワーリーグ,ハドソン,34187,スポーツ,9500,－,×
スーパーパワーリーグ2,ハドソン,34549,スポーツ,9800,－,×
スーパーパワーリーグ3,ハドソン,34921,スポーツ,9980,－,×
スーパーパワーリーグ4,ハドソン,35286,スポーツ,7980,－,×
スーパーパン,カプコン,33823,アクション,7500,－,×
スーパーパンチアウト!!,任天堂,35855,スポーツ,2000,ニンテンドーパワー専用,×
スーパービックリマン,ベック,33998,アクション,7800,－,×
スーパービリヤード,イマジニア,34509,テーブル,9800,－,×
スーパーピンボール～ビハインド ザ マスク～,メルダック,34342,テーブル,9800,－,×
スーパーピンボール2～ザ・アメージングオデッセイ,メルダック,34775,テーブル,9800,－,×
スーパーファイナルマッチテニス,ヒューマン,34558,スポーツ,8900,－,×
スーパーファイヤープロレスリング,ヒューマン,33592,スポーツ,8500,－,×
スーパーファイヤープロレスリング2,ヒューマン,33963,スポーツ,8500,－,×
スーパーファイヤープロレスリング3 ファイナルバウト,ヒューマン,34332,スポーツ,9700,－,×
スーパーファイヤープロレスリング3～イージータイプ～,ヒューマン,34369,スポーツ,7900,－,×
スーパーファイヤープロレスリングX,ヒューマン,35055,スポーツ,11900,－,×
スーパーファイヤープロレスリングX プレミアム,ヒューマン,35153,スポーツ,8000,－,×
スーパーファイヤープロレスリング クイーンズスペシャル,ヒューマン,34880,スポーツ,11400,－,×
スーパーファイヤープロレスリング スペシャル,ヒューマン,34690,スポーツ,11500,－,×
スーパーファミコンウォーズ,任天堂,35916,シミュレーション,2000,ニンテンドーパワー専用,×
スーパーファミスタ,ナムコ,33690,スポーツ,7900,－,×
スーパーファミスタ2,ナムコ,34040,スポーツ,7900,－,×
スーパーファミスタ3,ナムコ,34397,スポーツ,8800,－,×
スーパーファミスタ4,ナムコ,34761,スポーツ,9500,－,×
スーパーファミスタ5,ナムコ,35124,スポーツ,6980,－,×
スーパーファミリーゲレンデ,ナムコ,35827,スポーツ,2000,ニンテンドーパワー専用,×
スーパーファミリーサーキット,ナムコ,34628,レース,8800,－,×
スーパーファミリーテニス,ナムコ,34145,スポーツ,7900,－,×
スーパーフィッシング ビッグファイト,ナグザット,34684,スポーツ,9800,－,×
スーパーフォーメーションサッカー,ヒューマン,33585,スポーツ,7700,－,×
スーパーフォーメーションサッカー2,ヒューマン,34131,スポーツ,8500,－,×
スーパーフォーメーションサッカー'94,ヒューマン,34502,スポーツ,9800,－,×
スーパーフォーメーションサッカー'94～ワールドカップファイナルデータ～,ヒューマン,34599,スポーツ,9800,－,×
スーパーフォーメーションサッカー'95 della セリエA,ヒューマン,34789,スポーツ,9980,－,×
スーパーフォーメーションサッカー'96,ヒューマン,35153,スポーツ,7500,－,×
す～ぱ～ぷよぷよ,バンプレスト,34313,パズル,8200,－,×
す～ぱ～ぷよぷよ通,コンパイル,35041,パズル,8800,－,×
す～ぱ～ぷよぷよ通 リミックス,コンパイル,35132,パズル,6800,－,×
スーパーブラックバス,ホット・ビィ,33942,スポーツ,9800,－,×
スーパーブラックバス2,スターフィッシュデータ,34600,スポーツ,9800,－,×
スーパーブラックバス3,スターフィッシュデータ,35048,スポーツ,11800,－,×
スーパープロフェッショナルベースボール,ジャレコ,33375,スポーツ,8700,－,×
スーパープロフェッショナルベースボールII,ジャレコ,33823,スポーツ,9000,－,×
スーパーボウリング,アテナ,33788,スポーツ,8300,－,×
スーパーホッケー'94,ヨネザワ,34418,スポーツ,8900,－,×
スーパーボンバーマン,ハドソン,34087,アクション,7800,－,×
スーパーボンバーマン2,ハドソン,34452,アクション,8500,－,×
スーパーボンバーマン3,ハドソン,34817,アクション,8900,－,×
スーパーボンバーマン4,ハドソン,35181,アクション,7777,－,×
スーパーボンバーマン5,ハドソン,35489,アクション,6980,－,×
スーパーボンバーマン ぱにっくボンバーW,ハドソン,34759,パズル,8900,－,×
スーパーボンブリス,BPS,34775,パズル,7500,－,×
スーパー本命 GI制覇,日本物産,34393,その他,9800,－,×
スーパー麻雀,アイマックス,33838,テーブル,8000,－,×
スーパー麻雀2 本格4人打ち,アイマックス,34305,テーブル,8800,－,×
スーパー麻雀3 辛口,アイマックス,34663,テーブル,9800,－,×
スーパー麻雀大会,光栄,33859,テーブル,9800,－,×
スーパーマッドチャンプ,ツクダオリジナル,34762,レース,10080,－,×
スーパーマリオRPG,任天堂,35133,RPG,7500,－,×
スーパーマリオカート,任天堂,33843,レース,8900,－,×
スーパーマリオコレクション,任天堂,34164,アクション,9800,－,×
スーパーマリオ ヨッシーアイランド,任天堂,34916,アクション,9800,－,×
スーパーマリオワールド,任天堂,33198,アクション,8000,－,×
スーパーメトロイド,任天堂,34412,アクション,9800,－,×
スーパー燃えろ!! プロ野球,ジャレコ,34691,スポーツ,9800,－,×
スーパー桃太郎電鉄II,ハドソン,33823,テーブル,8800,－,×
スーパー桃太郎電鉄III,ハドソン,34677,テーブル,9500,－,×
スーパー桃太郎電鉄DX,ハドソン,35041,テーブル,9500,－,×
スーパー野球道,バンプレスト,35090,スポーツ,12800,－,×
スーパー4WD THE BAJA,日本物産,34502,レース,8800,－,×
スーパーラグビー,トンキンハウス,34628,スポーツ,9000,－,×
スーパーリアル麻雀PIV,セタ,34418,テーブル,9800,－,×
スーパーリアル麻雀PVパラダイス オールスター4人打ち,セタ,34810,テーブル,9800,－,×
スーパーリニアボール,ヒロ,33914,アクション,8000,－,×
スーパーループス,イマジニア,34397,パズル,8900,－,×
スーパーレッスルエンジェルス,イマジニア,34684,スポーツ,9980,－,×
スーパーロイヤルブラッド,光栄,33899,シミュレーション,9800,－,×
スーパーロボット大戦EX,バンプレスト,34418,シミュレーション,9800,－,×
スーパーロボット大戦外伝 魔装機神,バンプレスト,35146,シミュレーション,7800,－,×
スーパーワギャンランド,ナムコ,33585,アクション,8300,－,×
スーパーワギャンランド2,ナムコ,34053,アクション,8300,－,×
スーファミターボ専用 SDウルトラバトル ウルトラマン伝説,バンダイ,35244,対戦格闘,3980,スーファミターボ同梱版：\6800,×
スーファミターボ専用 SDウルトラバトル セブン伝説,バンダイ,35244,対戦格闘,3980,－,×
スーファミターボ専用 SDガンダムジェネレーション アクシズ戦記,バンダイ,35300,シミュレーション,3980,－,×
スーファミターボ専用 SDガンダムジェネレーション 一年戦争記,バンダイ,35272,シミュレーション,3980,スーファミターボ同梱版：\6800,×
スーファミターボ専用 SDガンダムジェネレーション グリプス戦記,バンダイ,35272,シミュレーション,3980,－,×
スーファミターボ専用 SDガンダムジェネレーション コロニー格闘記,バンダイ,35335,シミュレーション,3980,－,×
スーファミターボ専用 SDガンダムジェネレーション ザンスカール戦記,バンダイ,35335,シミュレーション,3980,－,×
スーファミターボ専用 SDガンダムジェネレーション バビロニア建国戦記,バンダイ,35300,シミュレーション,3980,－,×
スーファミターボ専用 クレヨンしんちゃん 長ぐつドボン,バンダイ,35335,パズル,3980,－,×
スーファミターボ専用 激走戦隊カーレンジャー 全開!レーサー戦士,バンダイ,35300,アクション,3980,－,×
スーファミターボ専用 ゲゲゲの鬼太郎 妖怪ドンジャラ,バンダイ,35265,テーブル,3980,スーファミターボ同梱版：\6800,×
スーファミターボ専用 美少女戦士セーラームーン セーラースターズ ふわふわパニック2,バンダイ,35335,パズル,3980,スーファミターボ同梱版：\6800,×
スーファミターボ専用 ぽいぽい忍者ワールド,バンダイ,35244,アクション,3980,スーファミターボ同梱版：\6800,×
ズールのゆめぼうけん,インフォコム,34544,アクション,8800,－,×
スカイミッション,ナムコ,33876,シミュレーション,8300,－,×
スキーパラダイスWITHスノーボード,パック・イン・ビデオ,34684,スポーツ,8900,－,×
すごいへべれけ,サンソフト,34404,対戦格闘,8900,－,×
すごろクエスト++-ダイスニクス-,テクノスジャパン,34677,テーブル,9900,－,×
すごろく銀河戦記,ボトムアップ,35418,テーブル,6980,－,×
スズカエイトアワーズ,ナムコ,34257,レース,8800,－,×
鈴木亜久里のF1スーパードライビング,ロジーク,33802,レース,8800,－,×
スターオーシャン,エニックス,35265,RPG,8500,－,×
スターゲイト,アクレイム ジャパン,34845,アクション,10900,－,×
スターダストスープレックス,バリエ,34719,スポーツ,9980,－,×
スターフォックス,任天堂,34021,シューティング,9800,－,×
すってはっくん,任天堂,36336,パズル,4200,－,×
ステルス,ヘクト,33956,シミュレーション,9700,－,×
ストーンプロテクターズ,ケムコ,34817,アクション,9800,－,×
ストバスヤロウ将,ビーアイ,34390,スポーツ,9000,－,×
ストリートファイターII,カプコン,33765,対戦格闘,9800,－,×
ストリートファイターIIターボ,カプコン,34161,対戦格闘,9980,－,×
ストリートファイターZERO2,カプコン,35419,対戦格闘,7800,－,×
ストリートレーサー,UBIソフト,34670,レース,9200,－,×
スヌーピーコンサート,三井不動産、電通,34838,アクション,9800,－,×
スパークスター,コナミ,34592,アクション,9800,－,×
スパークワールド,DEN'Z,34845,アクション,8500,－,×
スパイダーマン リーサルフォーズ,エポック社,34775,アクション,9800,－,×
すぱぽ～ん,ユタカ,34978,アクション,5800,－,×
すぱぽーんDX,ユタカ,35216,アクション,5800,－,×
スピンディジーワールド,アスキー,33823,アクション,8800,－,×
スプリガン・パワード,ナグザット,35272,シューティング,9800,－,×
スプリンター物語～めざせ一攫千金～,バップ,34775,その他,12800,－,×
スペースインベーダー,タイトー,34418,シューティング,4980,－,×
スペースエース,イマジニア,34418,アクション,9800,－,×
スペース・ファンキーB.O.B.,エレクトロニック・アーツ・ビクター,34325,アクション,8900,－,×
SMASH・T.V.,アスキー,33690,アクション,7800,－,×
スラップスティック,エニックス,34523,RPG,9600,－,×
スレイヤーズ,バンプレスト,34509,RPG,9800,－,×
聖剣伝説2,スクウェア,34187,アクションRPG,9800,－,×
聖剣伝説3,スクウェア,34972,アクションRPG,11400,－,×
聖獣魔伝ビースト&ブレイド,BPS,35048,シミュレーション,11000,－,×
～制服伝説～プリティファイター,イマジニア,34670,対戦格闘,9980,－,×
セプテントリオン,ヒューマン,34117,アクション,8500,－,×
芹沢信雄のバーディトライ,東宝,33942,スポーツ,9600,－,×
ゼルダの伝説 神々のトライフォース,任天堂,33563,アクション,8000,－,×
ゼロヨンチャンプRR,メディアリング,34537,レース,9980,－,×
ゼロヨンチャンプRR-Z,メディアリング,35028,レース,11900,－,×
全国高校サッカー,四次元,34663,スポーツ,9800,－,×
全国高校サッカー2,四次元,35020,スポーツ,9800,－,×
全国縦断ウルトラ心理ゲーム,ヴィジット,35013,その他,9800,－,×
戦国伝承,データイースト,34234,アクション,8800,－,×
戦国の覇者～天下布武への道～,バンプレスト,35055,シミュレーション,12800,－,×
セント・アンドリュース,エポック社,34957,スポーツ,9800,－,×
全日本GT選手権,KANEKO,34971,レース,9980,－,×
全日本プロレス,日本コンピュータシステム,34166,スポーツ,9900,－,×
全日本プロレス2 3・4武闘館,日本コンピュータシステム,34796,スポーツ,10080,－,×
全日本プロレスダッシュ,日本コンピュータシステム,34331,スポーツ,9800,－,×
全日本プロレス ファイトだポン!,日本コンピュータシステム,34510,スポーツ,9800,－,×
総合格闘技アストラルバウト,キングレコード,33781,スポーツ,9030,－,×
総合格闘技～アストラルバウト2～,キングレコード,34390,スポーツ,9700,－,×
総合格闘技RINGS～アストラルバウト3～,キングレコード,34992,スポーツ,9800,－,×
装甲騎兵ボトムズ ザ・バトリングロード,タカラ,34271,アクション,9800,－,×
ソウル&ソード,バンプレスト、ザムス,34303,RPG,9800,－,×
ソウルブレイダー,エニックス,33634,アクションRPG,8800,－,×
ソード・マニアック,東芝EMI,34376,アクション,8800,－,×
ソード・ワールドSFC,T&Eソフト,34187,RPG,9800,－,×
ソード・ワールドSFC2,T&Eソフト,34530,RPG,9900,－,×
卒業番外篇 ねぇ麻雀しよ!,KSS,34635,テーブル,9800,－,×
ソニックウイングス,ビデオシステム,34180,シューティング,8900,－,×
ソニックブラストマン,タイトー,33872,アクション,8500,－,×
ソニックブラストマンII,タイトー,34411,アクション,9500,－,×
ソリッドランナー,アスキー,35517,RPG,8000,－,×
ソルスティスII,エピック・ソニーレコード,34285,パズル,9500,－,×
それいけエビス丸 からくり迷路,コナミ,35153,パズル,5800,－,×
ソングマスター,やのまん,33935,RPG,9000,－,×
ダークキングダム,日本テレネット,34453,RPG,9800,－,×
ダークハーフ,エニックス,35216,RPG,8000,－,×
ダークロウ～Meaning of Death～,アスキー,35517,RPG,8000,－,×
ダービージョッキー,アスミック,34411,その他,9800,－,×
ダービージョッキー2,アスミック,34971,その他,9800,－,×
ダービースタリオンII,アスキー,34383,その他,12800,－,×
ダービースタリオンIII,アスキー,34719,その他,12800,－,×
ダービースタリオン96,アスキー,35139,その他,12800,－,×
ダービースタリオン98,任天堂,36039,その他,2000,ニンテンドーパワー専用,×
ターフヒーロー,テクモ,34779,その他,12800,－,×
ターフメモリーズ,ベック,34754,その他,11600,－,×
大貝獣物語,ハドソン,34690,RPG,10900,－,×
大貝獣物語II,ハドソン,35279,RPG,8200,－,×
対局囲碁 韋駄天,BPS,35062,テーブル,14800,－,×
対局囲碁ゴライアス,BPS,34103,テーブル,14800,－,×
対決!! ブラスナンバーズ,レーザーソフト,33928,対戦格闘,8500,－,×
大航海時代II,光栄,34390,シミュレーション,11800,－,×
太閤立志伝,光栄,34066,シミュレーション,11800,－,×
第3次スーパーロボット大戦,バンプレスト,34173,シミュレーション,9800,－,×
大戦略エキスパート,アスキー,33872,シミュレーション,9800,－,×
大戦略エキスパートWWII,アスキー,35307,シミュレーション,9800,－,×
ダイナウォーズ,アイレム,33802,アクション,8800,－,×
ダイナマイト・ザ・ラスベガス,ヴァージンゲーム,34452,その他,8900,－,×
ダイナミックスタジアム,サミー,34299,スポーツ,8500,－,×
タイニー・トゥーン アドベンチャーズ,コナミ,33956,アクション,8000,－,×
タイニー・トゥーンアドベンチャーズ～ドタバタ大運動会～,コナミ,34607,その他,9000,－,×
大爆笑 人生劇場,タイトー,33963,テーブル,8500,－,×
大爆笑人生劇場～大江戸日記～,タイトー,34663,テーブル,9000,－,×
大爆笑人生劇場～ずっこけサラリーマン編～,タイトー,35062,テーブル,9800,－,×
大爆笑人生劇場 ドキドキ青春編,タイトー,34180,テーブル,8800,－,×
タイムコップ,ビクターエンタテインメント,34747,アクション,9800,－,×
第4次スーパーロボット大戦,バンプレスト,34775,シミュレーション,12800,－,×
ダウン・ザ・ワールド,アスキー,34607,RPG,9800,－,×
ダウンタウン熱血べーすぼーる物語,テクノスジャパン,34320,スポーツ,9800,－,×
高橋名人の大冒険島,ハドソン,33614,アクション,8500,－,×
高橋名人の大冒険島II,ハドソン,34702,アクション,9500,－,×
タクティカルサッカー,エレクトロニック・アーツ・ビクター,34810,スポーツ,9800,－,×
タクティクスオウガ,クエスト,34978,シミュレーション,11400,－,×
武田修宏のスーパーカップサッカー,ジャレコ,34299,スポーツ,9500,－,×
武田修宏のスーパーリーグサッカー,ジャレコ,34663,スポーツ,9800,－,×
武宮正樹九段の囲碁大将,KSS,34922,テーブル,14800,－,×
武豊 G1メモリー,NGP,34901,その他,12800,－,×
ただいま勇者募集中 おかわり,ヒューマン,34663,テーブル,9900,－,×
戦え原始人2ルーキーの大冒険,データイースト,33956,アクション,8000,－,×
戦え原始人3,データイースト,34383,アクション,8500,－,×
伊達公子のヴァーチャルテニス,ビーアイ,34467,スポーツ,9000,－,×
WWFスーパーレッスルマニア,アクレイム ジャパン,33718,スポーツ,8800,－,×
WWFロイヤルランブル,アクレイム ジャパン,34173,スポーツ,9800,－,×
たまごっちタウン,バンダイ,36281,シミュレーション,2500,ニンテンドーパワー専用,×
ダライアス・ツイン,タイトー,33326,シューティング,8500,－,×
ダライアスフォース,タイトー,34236,シューティング,8800,－,×
だるま道場,DEN'Z,34740,パズル,8800,－,×
タロットミステリー,ヴィジット,34817,その他,9800,－,×
タワードリーム,アスキー,35363,テーブル,8000,－,×
ダンクエスト,テクノスジャパン,34901,アクションRPG,9900,－,×
ダンジョン・マスター,ビクターエンタテインメント,33592,RPG,9800,－,×
チェスマスター,アルトロン,34747,テーブル,9800,－,×
ちびまる子ちゃん「はりきり365日」の巻,エポック社,33585,テーブル,8800,－,×
ちびまる子ちゃん めざせ!南のアイランド!!,コナミ,35034,アクション,9000,－,×
チャンピオンズ ワールドクラスサッカー,アクレイム ジャパン,34418,スポーツ,8900,－,×
超兄貴 爆烈乱闘篇,日本コンピュータシステム,34964,対戦格闘,11800,－,×
超攻合神サーディオン,アスミック,33683,アクション,8800,－,×
超時空要塞マクロス スクランブルバルキリー,バンプレスト、ザムス,34271,シューティング,8800,－,×
超魔界大戦!どらぼっちゃん,ナグザット,34047,アクションRPG,8800,－,×
超魔界村,カプコン,33515,アクション,8500,－,×
超魔法大陸WOZZ,BPS,34915,RPG,10800,－,×
チョップリフターIII,ビクターエンタテインメント,34586,シューティング,7800,－,×
陳牌,バンプレスト,34964,パズル,7800,－,×
ツインビー～レインボーベルアドベンチャー～,コナミ,34341,アクション,9000,－,×
晦-つきこもり-,バンプレスト,35125,アドベンチャー,7800,－,×
土屋圭市 首都高バトル'94,BPS,34481,レース,9800,－,×
つっぱり大相撲 立身出世編,テクモ,34054,スポーツ,9000,－,×
ツヨシしっかりしなさい 対戦ぱずるだま,コナミ,34656,パズル,8500,－,×
つり太郎,パック・イン・ビデオ,34523,スポーツ,9800,－,×
であえ殿様 あっぱれ一番,サンソフト,34789,アクション,9800,－,×
デア ラングリッサー,日本コンピュータシステム,34880,シミュレーション,10800,－,×
DEAR BOYS,ユタカ,34635,スポーツ,9800,－,×
T-2 ザ・アーケードゲーム,アクレイム ジャパン,34390,シューティング,8900,－,×
T.M.N.T.,コナミ,33809,アクション,8500,－,×
T.M.N.T.ミュータントウォーリアーズ,コナミ,34306,対戦格闘,9800,－,×
提督の決断,光栄,33871,シミュレーション,14800,－,×
提督の決断II,光栄,34747,シミュレーション,14800,－,×
ディメンションフォース,アスミック,33592,シューティング,8500,－,×
テイルズ オブ ファンタジア,ナムコ,35048,RPG,11800,－,×
テーブルゲーム大集合!将棋・麻雀・花札・トゥーサイド,バリエ,35272,テーブル,6800,－,×
テーマパーク,エレクトロニック・アーツ・ビクター,35048,シミュレーション,11800,－,×
できたてハイスクール,BPS,34887,シミュレーション,9990,－,×
的中競馬塾,バンプレスト,35083,その他,9980,－,×
テクモスーパーNBAバスケットボール,テクモ,33963,スポーツ,8900,－,×
テクモスーパーベースボール,テクモ,34635,スポーツ,9800,－,×
テクモスーパーボウル,テクモ,34299,スポーツ,9800,－,×
テクモスーパーボウルII SPECIAL EDITION,テクモ,34688,スポーツ,9980,－,×
テクモスーパーボウルIII FINAL EDITION,テクモ,35055,スポーツ,12800,－,×
テコンドー,ヒューマン,34513,スポーツ,8900,－,×
デザートストライク 湾岸作戦,エレクトロニック・アーツ・ビクター,34054,シューティング,8900,－,×
デザートファイター,セタ,34383,シミュレーション,9800,－,×
デスブレイド,アイマックス,34166,対戦格闘,9700,－,×
デッドダンス,ジャレコ,34054,対戦格闘,9700,－,×
鉄腕アトム,バンプレスト、ザムス,34383,アクション,9000,－,×
テトリス 武闘外伝,BPS,34327,パズル,8000,－,×
テトリスフラッシュ,BPS,34523,パズル,8000,－,×
デビルズコース,T&Eソフト,34033,スポーツ,9800,－,×
デモンズ・ブレイゾン,カプコン,34628,アクション,9800,－,×
デュアルオーブ,アイマックス,34075,RPG,9700,－,×
デュアルオーブII,アイマックス,34697,RPG,10800,－,×
テレビアニメ SLAM DUNK,バンダイ,34419,スポーツ,9800,－,×
テレビアニメ スラムダンク2,バンダイ,34754,スポーツ,10800,－,×
テレビアニメ スラムダンク SDヒートアップ!!,バンダイ,34999,スポーツ,9800,－,×
天外魔境ZERO,ハドソン,35055,RPG,9980,－,×
天使の詩～白き翼の祈り～,日本テレネット,34544,RPG,9980,－,×
伝説のオウガバトル,クエスト,34040,シミュレーション,9600,－,×
天地創造,エニックス,34992,アクションRPG,11800,－,×
天地無用!げ～む編,バンプレスト,34999,シミュレーション,10800,－,×
天地を喰らう 三国志群雄伝,カプコン,34922,シミュレーション,12800,－,×
天龍源一郎のプロレスレヴォリューション,ジャレコ,34607,スポーツ,9800,－,×
トイ・ストーリー,カプコン,35181,アクション,7500,－,×
ドゥーム,イマジニア,35125,シューティング,12800,－,×
同級生2,バンプレスト,35765,アドベンチャー,2000,ニンテンドーパワー専用,×
峠・伝説 最速バトル,BPS,35139,レース,10800,－,×
トゥルーライズ,アクレイム ジャパン,34817,アクション,10900,－,×
ドカポン3・2・1～嵐を呼ぶ友情～,アスミック,34670,テーブル,9600,－,×
ドカポン外伝,アスミック,35034,テーブル,8800,－,×
ときめきメモリアル～伝説の樹の下で～,コナミ,35104,シミュレーション,9980,－,×
ドクターマリオ,任天堂,35947,パズル,2000,ニンテンドーパワー専用,×
独立戦争,光栄,34411,シミュレーション,11800,－,×
TOKORO'S マージャン,ビック東海,34600,テーブル,9500,－,×
どっすん!岩石バトル,アイマックス,34684,パズル,8800,－,×
とっても!ラッキーマン,バンダイ,34880,RPG,8800,－,×
トップマネジメントII,光栄,34376,シミュレーション,14800,－,×
トップレーサー,ケムコ,33690,レース,7800,－,×
トップレーサー2,ケムコ,34325,レース,8500,－,×
ドナルドダックのマウイマラード,カプコン,35419,アクション,7500,－,×
ドナルドダックの魔法のぼうし,エポック社,34922,アクション,9800,－,×
トムとジェリー,アルトロン,34145,アクション,8900,－,×
ドラえもん のび太と妖精の国,エポック社,34019,アクション,8000,－,×
ドラえもん2 のび太のトイズランド大冒険,エポック社,34320,アクション,8000,－,×
ドラえもん3 のび太と時の宝玉,エポック社,34684,アクション,9500,－,×
ドラえもん4 のび太と月の王国,エポック社,35048,アクション,9500,－,×
ドラゴンクエストI・II,エニックス,34321,RPG,9600,－,×
ドラゴンクエストIII　そして伝説へ…,エニックス,35405,RPG,8700,－,×
ドラゴンクエストV　天空の花嫁,エニックス,33874,RPG,9600,－,×
ドラゴンクエストVI　幻の大地,エニックス,35042,RPG,11400,－,×
ドラゴンズ・アース,ヒューマン,33991,シミュレーション,8500,－,×
ドラゴンズ マジック,コナミ,34145,アクション,8800,－,×
ドラゴンスレイヤー英雄伝説,エポック社,33648,RPG,9800,－,×
ドラゴンスレイヤー英雄伝説II,エポック社,34124,RPG,9800,－,×
ドラゴンナイト4,バンプレスト,35426,シミュレーション,7980,－,×
ドラゴンボールZ 超悟空伝 覚醒編,バンダイ,34964,アドベンチャー,10800,－,×
ドラゴンボールZ 超悟空伝 突撃編,バンダイ,34782,アドベンチャー,10800,－,×
ドラゴンボールZ 超サイヤ伝説,バンダイ,33628,RPG,9500,－,×
ドラゴンボールZ 超武闘伝,バンダイ,34048,対戦格闘,9800,－,×
ドラゴンボールZ 超武闘伝2,バンダイ,34320,対戦格闘,9800,－,×
ドラゴンボールZ 超武闘伝3,バンダイ,34606,対戦格闘,9800,－,×
ドラゴンボールZ Hyper Dimension,バンダイ,35153,対戦格闘,7800,－,×
ドラッキーのAりーぐさっかー,イマジニアズーム,34523,スポーツ,9800,－,×
ドラッキーの草やきう,イマジニアズーム,34320,スポーツ,9800,－,×
ドラッキーのパズルツアー'94,イマジニアズーム,34635,パズル,8200,－,×
ドラッケン,ケムコ,33382,RPG,8500,－,×
トラバース,バンプレスト,35244,RPG,7800,－,×
トランプアイランド,パック・イン・ビデオ,34873,テーブル,8900,－,×
ドリームバスケットボール,ヒューマン,34656,スポーツ,9600,－,×
夢迷宮（どりいむめいず） きぐるみ大冒険,ヘクト,34439,RPG,9800,－,×
牌砦,タカラ,34677,パズル,8800,－,×
TRINEA-トリネア-,やのまん,34243,アクションRPG,9800,－,×
トルネコの大冒険～不思議のダンジョン～,チュンソフト,34231,RPG,9600,－,×
トレジャーハンターG,スクウェア,35209,RPG,7900,－,×
ドレミファンタジー ミロンのドキドキ大冒険,ハドソン,35146,アクション,6800,－,×
NAGE LIBRE 静寂の水深,バリエ,34754,シミュレーション,9800,－,×
ナイジェルマンセル・インディカー,アクレイム ジャパン,34684,レース,10900,－,×
ナイジェル・マンセル F1チャレンジ,インフォコム,34047,レース,8800,－,×
ナイス DE ショット,アスク講談社,34453,スポーツ,9800,－,×
ナイツ オブ ザ ラウンド,カプコン,34495,アクション,9500,－,×
中嶋悟監修 F-1 HERO'94,バリエ,34599,レース,9800,－,×
中嶋悟監修 SUPER F1 HERO,バリエ,33956,レース,8900,－,×
中野浩一監修 競輪王,ココナッツジャパンエンターテイメント,34656,その他,9980,－,×
ナグザットスーパーピンボール 邪鬼破壊,ナグザット,33956,テーブル,8500,－,×
なつきクライシスバトル,エンジェル,34810,対戦格闘,10800,－,×
ナムコットオープン,ナムコ,33998,スポーツ,8800,－,×
なるほど!ザ・ワールド,トミー,34663,その他,9500,－,×
南国少年パプワくん,エニックス,34418,アクション,8800,－,×
ナンバーズパラダイス,アクレイム ジャパン,35307,その他,8800,－,×
西陣パチンコ3,KSS,35419,テーブル,7800,－,×
西陣パチンコ物語,KSS,34873,テーブル,10800,－,×
西陣パチンコ物語2,KSS,35244,テーブル,10800,－,×
2020年スーパーベースボール,ケイ・アミューズメントリース,34040,スポーツ,8900,－,×
ニチブツアーケードクラシックス,日本物産,34845,その他,5980,－,×
ニチブツアーケードクラシックス2 平安京エイリアン,日本物産,35048,アクション,5980,－,×
ニチブツコレクション1,日本物産,35398,テーブル,7980,－,×
ニチブツコレクション2,日本物産,35426,テーブル,7980,－,×
ニトロパンクス マイトヘッズ,アイレム,34180,アクション,8800,－,×
NEWヤッターマン,ユタカ,35146,アクション,8800,－,×
忍者龍剣伝 巴,テクモ,34922,アクション,7980,－,×
忍たま乱太郎,カルチャーブレーン,34908,アクション,9800,－,×
忍たま乱太郎2,カルチャーブレーン,35153,アクション,7800,－,×
忍たま乱太郎3,カルチャーブレーン,35489,アクション,6980,－,×
忍たま乱太郎すぺしゃる,カルチャーブレーン,35286,アクション,8800,－,×
忍たま乱太郎 忍術学園パズル大会の段,カルチャーブレーン,35244,パズル,6980,－,×
熱血大陸バーニングヒーローズ,エニックス,34775,RPG,10800,－,×
ノイギーア,ウルフ・チーム,34054,アクションRPG,9800,－,×
ノーマーク爆牌党,エンジェル,34971,テーブル,10800,－,×
ノスフェラトゥ,セタ,34614,アクション,9800,－,×
信長の野望 天翔記,光栄,35090,シミュレーション,12800,－,×
信長の野望・覇王伝,光栄,34312,シミュレーション,12800,－,×
ノンタンといっしょ くるくるぱずる,ビクターエンタテインメント,34663,パズル,7800,－,×
バークレーのパワーダンク,DEN'Z,34607,スポーツ,9200,－,×
バーコードバトラー戦記～スーパー戦士出撃せよ!～,エポック社,34103,その他,7680,－,×
バーチャルウォーズ,ココナッツジャパンエンターテイメント,34376,アクション,11000,－,×
バーチャルバート,アクレイム ジャパン,34607,アクション,9800,－,×
バートの不思議な夢の大冒険,アクレイム ジャパン,34026,アクション,8800,－,×
ハーメルンのバイオリン弾き,エニックス,34971,アクション,9600,－,×
Parlor!Mini,日本テレネット,35181,テーブル,4900,－,×
Parlor!Mini2,日本テレネット,35244,テーブル,4900,－,×
Parlor!Mini3,日本テレネット,35335,テーブル,4900,－,×
Parlor!Mini4,日本テレネット,35398,テーブル,5800,－,×
Parlor!Mini5,日本テレネット,35517,テーブル,4900,－,×
Parlor!Mini6,日本テレネット,35580,テーブル,4980,－,×
Parlor!Mini7,日本テレネット,35671,テーブル,4900,－,×
バイオメタル,アテナ,34047,シューティング,8980,－,×
バイキングの大迷惑,T&Eソフト,34250,アクション,8800,－,×
バイク大好き!走り屋魂,日本コンピュータシステム,34607,レース,9600,－,×
牌勢麻雀 凌駕,アスキー,34817,テーブル,12800,－,×
ハイパーイリア,バンプレスト,34985,アクション,9600,－,×
ハイパーゾーン,HAL研究所,33481,シューティング,8500,－,×
パイプドリーム,BPS,33823,パズル,7500,－,×
パイロットウイングス,任天堂,33228,スポーツ,8000,－,×
バウンティ・ソード,パイオニアLDC,34950,シミュレーション,11400,－,×
覇王大系リューナイト,バンダイ,34690,アクションRPG,9800,－,×
鋼 HAGANE,ハドソン,34656,アクション,9500,－,×
爆球連発!! スーパービーダマン,ハドソン,35783,シューティング,4980,－,×
爆投ドッチャーズ,BPS,34635,アクション,8500,－,×
白熱プロ野球ガンバリーグ,エピック・ソニーレコード,33459,スポーツ,8500,－,×
白熱プロ野球ガンバリーグ'93,エピック・ソニーレコード,33949,スポーツ,9500,－,×
白熱プロ野球'94ガンバリーグ3,エピック・ソニーレコード,34313,スポーツ,8900,－,×
幕末降臨伝ONI,バンプレスト,35097,RPG,12800,－,×
はしれ へべれけ,サンソフト,34690,レース,9500,－,×
バズー!魔法世界,ホット・ビィ,34173,RPG,9800,－,×
バスタード!～暗黒の破壊神～,コブラチーム,34362,対戦格闘,9800,－,×
バスマスターズクラシック,アルトロン,34908,スポーツ,11800,－,×
パズルボブル,タイトー,34712,パズル,6800,－,×
ぱずるんでス!,日本物産,34803,パズル,8980,－,×
はた山ハッチのパロ野球ニュース!実名版,エポック社,34271,スポーツ,9800,－,×
パチ夫くんSPECIAL,ココナッツジャパンエンターテイメント,33949,テーブル,9800,－,×
パチ夫くんSPECIAL2,ココナッツジャパンエンターテイメント,34474,テーブル,9980,－,×
パチ夫くんSPECIAL3,ココナッツジャパンエンターテイメント,35034,テーブル,10800,－,×
パチスロ完全攻略～ユニバーサル新台入荷Vol.1～,日本シスコン,35496,テーブル,5980,－,×
パチスロ勝負師,日本物産,34691,テーブル,8980,－,×
パチスロ研究,魔法,34530,テーブル,9500,－,×
パチスロ物語 パル工業スペシャル,KSS,34999,テーブル,10800,－,×
パチスロ物語ユニバーサル・スペシャル,KSS,34544,テーブル,9800,－,×
パチスロ ラブストーリー,ココナッツジャパンエンターテイメント,34292,テーブル,9800,－,×
パチスロランド,カロッツェリアジャパン,34390,テーブル,9800,－,×
パチンコウォーズ,ココナッツジャパンエンターテイメント,33802,テーブル,9500,－,×
パチンコウォーズ2,ココナッツジャパンエンターテイメント,34320,テーブル,9800,－,×
パチンコチャレンジャー,カロッツェリアジャパン,34887,テーブル,9800,－,×
パチンコファン～勝利宣言～,POW,34622,テーブル,9800,－,×
パチンコマル秘必勝法,バップ,34656,テーブル,9800,－,×
パチンコ物語 パチスロもあるでよ!!,KSS,34117,テーブル,9800,－,×
パチンコ物語2～名古屋シャチホコの帝王～,KSS,34726,テーブル,9800,－,×
パチンコ連チャン天国,バップ,34845,テーブル,9800,－,×
パックインタイム,ナムコ,34702,アクション,7900,－,×
バックス・バニー はちゃめちゃ大冒険,サンソフト,34509,アクション,9200,－,×
ハット・トリック・ヒーロー,タイトー,33690,スポーツ,8000,－,×
ハットトリックヒーロー2,タイトー,34544,スポーツ,8900,－,×
バットマン フォーエヴァー,アクレイム ジャパン,34999,アクション,11800,－,×
バットマンリターンズ,コナミ,34026,アクション,8800,－,×
パティームーン,バリエ,34180,アクション,8900,－,×
バトルグランプリ,ナグザット,33690,レース,8500,－,×
バトルクロス,イマジニア,34677,レース,9800,－,×
バトルコマンダー,バンプレスト,33601,シミュレーション,9800,－,×
バトルサッカー フィールドの覇者,バンプレスト,33949,スポーツ,9500,－,×
バトルサッカー2,バンプレスト,34663,スポーツ,8800,－,×
バトルサブマリン,パック・イン・ビデオ,35055,シミュレーション,9800,－,×
バトルジョッキー,ヴァージンゲーム,34690,その他,9800,－,×
バトルZEQUE伝,アスミック,34530,アクション,9800,－,×
バトルタイクーン,ライトスタッフ,34838,対戦格闘,10980,－,×
バトルテック,ビクターエンタテインメント,34026,アクション,9800,－,×
バトルテック3050,アスク講談社,35118,シューティング,9800,－,×
バトルトード イン バトルマニアック,日本コンピュータシステム,34341,アクション,9800,－,×
バトルドッジボール,バンプレスト,33439,スポーツ,9600,－,×
バトルドッジボールII,バンプレスト,34173,スポーツ,9600,－,×
バトルピンボール,バンプレスト,34754,テーブル,6800,－,×
バトルブレイズ,サミー,33725,対戦格闘,8700,－,×
バトルマスター～究極の戦士たち～,東芝EMI,34292,対戦格闘,9800,－,×
バトルレーサーズ,バンプレスト,34775,レース,9800,－,×
バトルロボット烈伝,バンプレスト,34943,シミュレーション,12800,－,×
花の慶次-雲のかなたに-,四次元,34656,対戦格闘,9800,－,×
花札王,ココナッツジャパンエンターテイメント,34684,テーブル,8980,－,×
パニックイン なかよしワールド,バンダイ,34656,アクション,6800,－,×
パネルでポン,任天堂,34999,パズル,5800,－,×
バハムートラグーン,スクウェア,35104,シミュレーション,11400,－,×
羽生名人のおもしろ将棋,トミー,34789,テーブル,12000,－,×
早指し二段 森田将棋,セタ,34138,テーブル,14800,－,×
早指し二段 森田将棋2,セタ,34845,テーブル,14900,－,×
はらぺこバッカ,魔法,34626,パズル,4980,－,×
遙かなるオーガスタ,T&Eソフト,33333,スポーツ,9800,－,×
バルバロッサ,サミー,33935,シミュレーション,9800,－,×
バレーボールTwin,トンキンハウス,33935,スポーツ,8900,－,×
ハロー!パックマン,ナムコ,34572,アクション,8300,－,×
パロディウスだ!,コナミ,33788,シューティング,8500,－,×
パワーアスリート,KANEKO,33935,対戦格闘,8500,－,×
パワー オブ ザ ハイアード,日本コンピュータシステム,34690,シミュレーション,9800,－,×
POWER倉庫番,任天堂,36336,パズル,4200,－,×
パワーモンガー 魔将の謀略,イマジニア,34054,シミュレーション,12800,－,×
POWERロードランナー,任天堂,36161,パズル,2000,ニンテンドーパワー専用,×
半熟英雄 ああ、世界よ半熟なれ,スクウェア,33957,シミュレーション,9500,－,×
反省ザルジローくんの大冒険,ナツメ,33599,アクション,7000,－,×
PGAツアーゴルフ,イマジニア,33788,スポーツ,8500,－,×
Pマン,ケムコ,34873,アクション,9200,－,×
ヒーロー戦記,バンプレスト,33928,RPG,9600,－,×
緋王伝～魔物達との誓い～,ウルフ・チーム,34376,シミュレーション,11800,－,×
東尾修監修 スーパープロ野球スタジアム,徳間書店インターメディア,34242,スポーツ,8900,－,×
ピキーニャ!,アスキー,35461,パズル,6800,－,×
ピクロスNP Vol.1,任天堂,36251,パズル,2000,ニンテンドーパワー専用,×
ピクロスNP Vol.2,任天堂,36312,パズル,2000,ニンテンドーパワー専用,×
ピクロスNP Vol.3,任天堂,36373,パズル,2000,ニンテンドーパワー専用,×
ピクロスNP Vol.4,任天堂,36434,パズル,2000,ニンテンドーパワー専用,×
ピクロスNP Vol.5,任天堂,36495,パズル,2000,ニンテンドーパワー専用,×
ピクロスNP Vol.6,任天堂,36557,パズル,2000,ニンテンドーパワー専用,×
ピクロスNP Vol.7,任天堂,36617,パズル,2000,ニンテンドーパワー専用,×
ピクロスNP Vol.8,任天堂,36678,パズル,2000,ニンテンドーパワー専用,×
美少女雀士スーチーパイ,ジャレコ,34180,テーブル,9700,－,×
美少女戦士セーラームーン,エンジェル,34208,アクション,9800,－,×
美少女戦士セーラームーンR,バンダイ,34332,アクション,9800,－,×
美少女戦士セーラームーン～Another Story～,エンジェル,34964,RPG,11800,－,×
美少女戦士セーラームーンS くるっくりん,バンダイ,34754,パズル,6800,－,×
美少女戦士セーラームーンS こんどはパズルでおしおきよ!,バンダイ,34530,パズル,6800,－,×
美少女戦士セーラームーンS～場外乱闘!? 主役争奪戦～,エンジェル,34684,アクション,9980,－,×
美少女戦士セーラームーンSuperS～全員参加!! 主役争奪戦～,エンジェル,35153,対戦格闘,7980,－,×
美少女戦士セーラームーンSuperS ふわふわパニック,バンダイ,35041,パズル,7980,－,×
美少女レスラー列伝,KSS,35153,スポーツ,8000,－,×
美女と野獣,ハドソン,34523,アクション,8500,－,×
美神伝説Zoku,マジファクト,34328,アクション,9800,－,×
ビッグ一撃!パチスロ大攻略,アスク講談社,34684,テーブル,9800,－,×
ビッグ一撃 パチスロ大攻略2～ユニバーサル・コレクション～,アスク講談社,34901,テーブル,10800,－,×
BIG HURTベースボール,アクレイム ジャパン,35034,スポーツ,11800,－,×
BIG RUN,ジャレコ,33317,レース,8700,－,×
必殺パチンココレクション,サンソフト,34628,テーブル,9800,－,×
必殺パチンココレクション2,サンソフト,34782,テーブル,9980,－,×
必殺パチンココレクション3,サンソフト,35005,テーブル,9980,－,×
必殺パチンココレクション4,サンソフト,35307,テーブル,9980,－,×
必勝777ファイター,バップ,34348,テーブル,9500,－,×
必勝777ファイターII パチスロマル秘情報,バップ,34565,テーブル,9500,－,×
必勝777ファイターIII,バップ,34957,テーブル,10800,－,×
必勝!パチスロファン,POW,34684,テーブル,9800,－,×
ピットフォール マヤの大冒険,ポニーキャニオン,34894,アクション,9800,－,×
ピノキオ,カプコン,35419,アクション,7500,－,×
ヒューマン・グランプリ,ヒューマン,33928,レース,9700,－,×
ヒューマングランプリ2,ヒューマン,34327,レース,9500,－,×
ヒューマングランプリ3～F1トリプルバトル～,ヒューマン,34607,レース,10500,－,×
ヒューマングランプリ4 F1ドリームバトル,ヒューマン,34936,レース,11400,－,×
ヒューマンベースボール,ヒューマン,34187,スポーツ,8600,－,×
飛龍の拳Sゴールデンファイター,カルチャーブレーン,33816,対戦格闘,9700,－,×
飛龍の拳Sゴールデンファイター ハイパーバージョン,カルチャーブレーン,33949,対戦格闘,9700,－,×
ピンクパンサー,アルトロン,34439,アクション,9500,－,×
ビンビン!ビンゴ,KSS,34325,その他,8900,－,×
ピンボール ピンボール,ココナッツジャパンエンターテイメント,34551,テーブル,9980,－,×
ファーストクィーン,カルチャーブレーン,34404,RPG,9800,－,×
ファーストサムライ,ケムコ,34152,アクション,7800,－,×
ファーランドストーリー,バンプレスト,34754,シミュレーション,10800,－,×
ファーランドストーリー2,バンプレスト,35055,シミュレーション,12800,－,×
ファイアーエムブレム 聖戦の系譜,任天堂,35199,シミュレーション,7500,－,×
ファイアーエムブレム トラキア776,任天堂,36546,シミュレーション,5200,－,×
ファイアーエムブレム 紋章の謎,任天堂,34355,シミュレーション,9800,－,×
ファイターズヒストリー,データイースト,34481,対戦格闘,9800,－,×
ファイターズヒストリー～溝口危機一髪～,データイースト,34747,対戦格闘,9900,－,×
ファイティングベースボール,ココナッツジャパンエンターテイメント,34922,スポーツ,9400,－,×
ファイナル・ストレッチ,ロジーク,34285,レース,9800,－,×
ファイナルセット,フォーラム,34229,スポーツ,8500,－,×
ファイナルノックアウト,パック・イン・ビデオ,34278,スポーツ,8800,－,×
ファイナルファイト,カプコン,33228,アクション,8500,－,×
ファイナルファイト・ガイ,カプコン,33683,アクション,8500,－,×
ファイナルファイト2,カプコン,34111,アクション,9000,－,×
ファイナルファイト タフ,カプコン,35055,アクション,9980,－,×
ファイナルファンタジーIV,スクウェア,33438,RPG,8800,－,×
ファイナルファンタジーIV イージータイプ,スクウェア,33540,RPG,9000,－,×
ファイナルファンタジーV,スクウェア,33944,RPG,9800,－,×
ファイナルファンタジーVI,スクウェア,34426,RPG,11400,－,×
ファイプロ女子オールスタードリームスラム,ヒューマン,34537,スポーツ,9500,－,×
ファイヤー・ファイティング,ジャレコ,34649,アクション,9890,－,×
ファミコン探偵倶楽部PARTII うしろに立つ少女,任天堂,35886,アドベンチャー,2000,ニンテンドーパワー専用,×
ファミコン文庫 はじまりの森,任天堂,36342,アドベンチャー,2000,ニンテンドーパワー専用,×
ファランクス,ケムコ,33823,シューティング,8900,－,×
VS.コレクション,ボトムアップ,35398,その他,6980,－,×
フィッシング甲子園,キングレコード,35216,スポーツ,9800,－,×
FIFA インターナショナル・サッカー,ビクターエンタテインメント,34502,スポーツ,9800,－,×
フェーダ エンブレム オブ ジャスティス,やのまん,34635,シミュレーション,9990,－,×
フォアマン フォー リアル,アクレイム ジャパン,34999,スポーツ,11800,－,×
フォーチュン・クエスト～ダイスをころがせ!,バンプレスト、ザムス,34452,テーブル,9800,－,×
不思議のダンジョン2 風来のシレン,チュンソフト,35034,RPG,11800,－,×
BUSHI 青龍伝～二人の勇者～,T&Eソフト,35447,アクションRPG,7980,－,×
HOOK,エピック・ソニーレコード,33802,アクション,8500,－,×
復刻版 スーパー三國志II,光栄,34788,シミュレーション,9800,－,×
復刻版 提督の決断,光栄,34880,シミュレーション,9800,－,×
船木誠勝HYBRID WRESTLER 闘技伝承,テクノスジャパン,34628,スポーツ,9800,－,×
ふね太郎,ビクターインタラクティブソフトウェア(パック・イン・ソフト),35643,スポーツ,7800,－,×
新世紀GPX サイバーフォーミュラ,タカラ,33682,レース,8800,－,×
BURAI八玉の勇士伝説,アイ・ジー・エス,33983,RPG,9800,－,×
フライング ヒーロー,ソフエル,33956,シューティング,8800,－,×
ブラックソーン,ケムコ,34922,アクション,9400,－,×
フラッシュバック,サンソフト,34325,アクション,9600,－,×
プラネットチャンプ　TG3000,ケムコ,34817,レース,9500,－,×
ブランディッシュ,光栄,34510,アクションRPG,10800,－,×
ブランディッシュ2,光栄,34922,アクションRPG,10800,－,×
ブランディッシュ2 エキスパート,光栄,35139,アクションRPG,8800,－,×
プリンス・オブ・ペルシャ,日本コンピュータシステム,33788,アクション,8800,－,×
プリンセス・ミネルバ,ビック東海,34873,RPG,9900,－,×
プリンセスメーカー～Legend of Another World～,タカラ,35048,シミュレーション,9980,－,×
ブルースブラザース,ケムコ,34054,アクション,7800,－,×
古田敦也のシミュレーションプロ野球2,ヘクト,35301,スポーツ,8000,－,×
フルパワー,ココナッツジャパンエンターテイメント,34684,レース,11000,－,×
ブレイゾン,アトラス,33809,シューティング,8500,－,×
ブレインロード,エニックス,34362,アクションRPG,9600,－,×
ブレス オブ ファイア,カプコン,34062,RPG,9800,－,×
ブレス オブ ファイアII,カプコン,34670,RPG,9980,－,×
プロ棋士人生シミュレーション 将棋の花道,アトラス,35111,テーブル,12800,－,×
プロサッカー,イマジニア,33501,スポーツ,8000,－,×
プロック,アクティビジョンジャパン,34313,アクション,8900,－,×
ブロックくずし,POW,35020,アクション,5980,－,×
プロフットボール,イマジニア,33620,スポーツ,7900,－,×
プロフットボール'93,エレクトロニック・アーツ・ビクター,34012,スポーツ,8900,－,×
プロ麻雀 極,アテナ,34131,テーブル,9600,－,×
プロ麻雀 極II,アテナ,34537,テーブル,9800,－,×
プロ麻雀 極III,アテナ,34880,テーブル,9800,－,×
プロ麻雀 兵,カルチャーブレーン,35538,テーブル,6980,－,×
プロ野球スター,カルチャーブレーン,35447,スポーツ,6800,－,×
プロ野球熱闘ぱずるスタジアム,ココナッツジャパンエンターテイメント,35545,パズル,7800,－,×
フロントミッション,スクウェア,34754,シミュレーション,11400,－,×
平安風雲伝,KSS,34971,シミュレーション,11800,－,×
平成イヌ物語バウ ポップンスマッシュ!!,タカラ,34452,スポーツ,7800,－,×
平成軍人将棋,カロッツェリアジャパン,35090,テーブル,9800,－,×
平成 新・鬼ヶ島 前編,任天堂,35938,アドベンチャー,3800,－,×
平成 新・鬼ヶ島 後編,任天堂,35938,アドベンチャー,3800,－,×
HEIWA Parlor!Mini8 パチンコ実機シミュレーションゲーム,日本テレネット,35825,テーブル,5200,－,×
HEIWAパチンコワールド,ショウエイシステム,34754,テーブル,9900,－,×
HEIWAパチンコワールド2,ショウエイシステム,34971,テーブル,10800,－,×
HEIWA パチンコワールド3,ショウエイシステム,35181,テーブル,7800,－,×
ベストショットプロゴルフ,アスキー,35230,シミュレーション,8200,－,×
ペブルビーチの波濤,T&Eソフト,33704,スポーツ,9800,－,×
ペブルビーチの波濤New～トーナメントエディション～,T&Eソフト,35321,スポーツ,8000,－,×
へべれけのおいしいパズルはいりませんか,サンソフト,34577,パズル,8900,－,×
へべれけのぽぷーん,サンソフト,34325,パズル,8200,－,×
ヘラクレスの栄光III 神々の沈黙,データイースト,33718,RPG,8800,－,×
ヘラクレスの栄光IV 神々からの贈り物,データイースト,34628,RPG,9900,－,×
弁慶外伝 沙の章,サンソフト,33949,RPG,9600,－,×
放課後 in Beppin 女学院,イマジニア,34733,シミュレーション,9980,－,×
蓬莱学園の冒険!,J・ウイング,35174,RPG,7980,－,×
ホーム・アローン,アルトロン,33827,アクション,8800,－,×
ホーリーアンブレラ,ナグザット,34971,アクションRPG,9800,－,×
ホーリーストライカー,ヘクト,34320,テーブル,8800,－,×
B.B.GUN,アイマックス,35034,シミュレーション,11800,－,×
牧場物語,パック・イン・ビデオ,35286,シミュレーション,7800,－,×
北斗の拳5,東映動画,33795,RPG,8900,－,×
北斗の拳6 激闘伝承拳覇王への道,東映動画,33928,対戦格闘,8900,－,×
北斗の拳7,東映動画,34327,対戦格闘,9700,－,×
ポコニャン!,東宝,34690,アクション,8800,－,×
星のカービィ3,任天堂,35881,アクション,4800,－,×
星のカービィ スーパーデラックス,任天堂,35145,アクション,7500,－,×
ぽっぷるメイル,日本ファルコム,34495,アクション,8800,－,×
Pop'nツインビー,コナミ,34054,シューティング,8900,－,×
炎の闘球児ドッジ弾平,サンソフト,33816,スポーツ,8500,－,×
ポパイ いじわる魔女シーハッグの巻,テクノスジャパン,34558,テーブル,9500,－,×
ポピュラス,イマジニア,33223,シミュレーション,8800,－,×
ポピュラス2,イマジニア,33991,シミュレーション,9800,－,×
ポポイっとへべれけ,サンソフト,34908,パズル,8900,－,×
ボンカーズ-ハリウッド大作戦!-,カプコン,34702,アクション,8500,－,×
本格将棋 風雲児龍王,ヴァージンゲーム,34690,テーブル,9800,－,×
本格派囲碁 碁聖,タイトー,34635,テーブル,14800,－,×
本格麻雀 徹萬,ナグザット,34236,テーブル,7800,－,×
本格麻雀 徹萬II,ナグザット,34628,テーブル,8900,－,×
本家・SANKYO FEVER 実機シミュレーション,DEN'Z,34860,テーブル,10800,－,×
本家・SANKYO FEVER 実機シミュレーション2,BOSSコミュニケーションズ,35048,テーブル,10800,－,×
本家SANKYO FEVER 実機シミュレーション3,BOSSコミュニケーションズ,35307,テーブル,7480,－,×
本家 花札,イマジニア,34599,テーブル,9800,－,×
ボンバーマンビーダマン,ハドソン,35419,シューティング,5980,－,×
ボンバザル,ケムコ,33208,パズル,6500,－,×
マーヴェラス～もうひとつの宝島～,任天堂,35364,アドベンチャー,6800,－,×
マーヴルスーパーヒーローズ ウォーオブザジェム,カプコン,35356,アクション,7800,－,×
麻雀倶楽部,ヘクト,34690,テーブル,4980,－,×
麻雀悟空 天竺,シャノアール,34565,テーブル,9800,－,×
麻雀戦国物語,四次元,34600,テーブル,9300,－,×
麻雀大会II,光栄,34607,テーブル,9800,－,×
麻雀繁盛記,日本物産,34908,テーブル,6800,－,×
麻雀飛翔伝 哭きの竜,アイ・ジー・エス,33963,テーブル,9800,－,×
麻雀飛翔伝 真 哭きの竜,ベック,34999,テーブル,8900,－,×
マイケル・アンドレッティ インディカーチャレンジ,BPS,34719,レース,9800,－,×
マイティモーフィン パワーレンジャー,バンダイ,35027,アクション,9800,－,×
マイト・アンド・マジックBOOK2,ロジーク,33991,RPG,8800,－,×
摩訶摩訶,シグマ商事,33718,RPG,8700,－,×
マグナブラバン～遍歴の勇者～,アスク講談社,34656,RPG,9800,－,×
負けるな!魔剣道,データム・ポリスター,33991,アクション,8800,－,×
負けるな!魔剣道2,データム・ポリスター,34775,対戦格闘,9500,－,×
MOTHER2 ギーグの逆襲,任天堂,34573,RPG,9800,－,×
まじかる☆タルるートくん　MAGIC ADVENTURE,バンダイ,33691,アクション,8000,－,×
マジカルドロップ,データイースト,34992,パズル,8500,－,×
マジカルドロップ2,データイースト,35328,パズル,7800,－,×
マジカルポップン,パック・イン・ビデオ,34768,アクション,9800,－,×
マジックジョンソンのスーパースラムダンク,ヴァージンゲーム,34166,スポーツ,8900,－,×
マジックソード,カプコン,33753,アクション,8500,－,×
魔法騎士レイアース,トミー,34971,RPG,9800,－,×
魔獣王,KSS,34936,アクション,10800,－,×
魔女たちの眠り,パック・イン・ビデオ,35027,アドベンチャー,10800,－,×
マジンガーZ,バンダイ,34145,アクション,8800,－,×
魔神転生,アトラス,34362,シミュレーション,9800,－,×
魔神転生II,アトラス,34749,シミュレーション,10800,－,×
マスク,ヴァージンインタラクティブエンターテインメント,35426,アクション,9800,－,×
マスターズ～遙かなるオーガスタ2～,T&Eソフト,34234,スポーツ,9900,－,×
MASTERS New 遙かなるオーガスタ3,T&Eソフト,35041,スポーツ,11800,－,×
摩陀羅2,コナミ,34166,RPG,9800,－,×
MADARA SAGA 幼稚園戦記まだら,データム・ポリスター,35090,RPG,9800,－,×
松方弘樹のスーパートローリング,トンキンハウス,34936,スポーツ,9900,－,×
マッスルボマー,カプコン,34423,スポーツ,9980,－,×
松村邦洋伝 最強の歴史をぬりかえろ!,ショウエイシステム,34572,対戦格闘,9900,－,×
魔天伝説,タカラ,34999,RPG,10800,－,×
魔導物語～はなまる大幼稚園児～,徳間書店インターメディア,35076,RPG,9900,－,×
魔法陣グルグル,エニックス,34810,RPG,10800,－,×
魔法陣グルグル2,エニックス,35167,RPG,8000,－,×
魔法ぽいぽい ぽいっと!,タカラ,34551,パズル,8800,－,×
ママレード・ボーイ,バンダイ,34810,シミュレーション,9800,－,×
マリオとワリオ,任天堂,34208,アクション,6800,－,×
マリオのスーパーピクロス,任天堂,34956,パズル,7900,－,×
マリオペイント,任天堂,33799,その他,9800,－,×
マルチプレイバレーボール,パック・イン・ビデオ,34635,スポーツ,8900,－,×
水木しげるの妖怪百鬼夜行,KSS,35053,テーブル,11800,－,×
Mr.Do!,イマジニア,34873,アクション,5980,－,×
MR.NUTZ,ソフエル,34614,アクション,8800,－,×
ミスティックアーク,エニックス,34894,RPG,11800,－,×
ミスティッククエスト,スクウェア,34222,RPG,7900,－,×
ミステリーサークル,ケイ・アミューズメントリース,33942,パズル,8300,－,×
ミッキーのマジカルアドベンチャー,カプコン,33928,アクション,8500,－,×
ミッキーの東京ディズニーランド大冒険,トミー,34684,アクション,9800,－,×
ミッキーとミニー マジカルアドベンチャー2,カプコン,34649,アクション,9500,－,×
ミッキーとドナルド マジカルアドベンチャー3,カプコン,35041,アクション,9800,－,×
ミッキーマニア,カプコン,34789,アクション,9500,－,×
ミニ四駆 シャイニングスコーピオン レッツ&ゴー!!,アスキー,35419,シミュレーション,8800,－,×
ミニ四駆レッツ&ゴー!! POWER WGP2,任天堂,36133,RPG,3800,－,×
宮路社長のパチンコファン勝利宣言2,POW,34810,テーブル,9800,－,×
ミラクル☆ガールズ,タカラ,34264,アクション,8800,－,×
みらくるカジノパラダイス,カロッツェリアジャパン,34726,テーブル,9800,－,×
ミランドラ,アスキー,35461,RPG,7800,－,×
ミリティア,ナムコ,34656,シミュレーション,8800,－,×
無人島物語,KSS,35090,シミュレーション,12800,－,×
メガロマニア 時空大戦略,イマジニア,34173,シミュレーション,12800,－,×
メジャータイトル,アイレム,33942,スポーツ,8800,－,×
メタルスレイダーグローリー ディレクターズカット,任天堂,36859,アドベンチャー,5780,－,×
メタルマックス2,データイースト,34033,RPG,9500,－,×
メタルマックスリターンズ,データイースト,34971,RPG,12800,－,×
メルファンドストーリーズ,アスキー,34418,アクション,9800,－,×
メルヘンアドベンチャー コットン100%,データム・ポリスター,34446,シューティング,9300,－,×
モータルコンバット,アクレイム ジャパン,34327,対戦格闘,9800,－,×
モータルコンバットII 究極神拳,アクレイム ジャパン,34649,対戦格闘,11800,－,×
もってけ Oh!ドロボー,データイースト,35048,テーブル,9800,－,×
モノポリー,トミー,34033,テーブル,9700,－,×
桃太郎電鉄HAPPY,ハドソン,35405,テーブル,8300,－,×
モンスターメーカー3,ソフエル,34327,RPG,9800,－,×
モンスターメーカーキッズ 王様になりたい,ソフエル,34656,テーブル,9200,－,×
モンスタニア,パック・イン・ビデオ,35335,シミュレーション,7800,－,×
夜光虫,アテナ,34866,アドベンチャー,10800,－,×
ヤダモン ワンダランドドリーム,徳間書店,34299,アドベンチャー,8800,－,×
ヤマトタケル,東宝,34971,RPG,10800,－,×
やまねこバブジーの大冒険,パック・イン・ビデオ,34502,アクション,9800,－,×
ヤムヤム,バンダイ,34747,アクション,9800,－,×
USA アイスホッケー,ジャレコ,34047,スポーツ,9000,－,×
遊人 雀獣学園,バリエ,34292,テーブル,8900,－,×
遊人 雀獣学園2,バリエ,34656,テーブル,9800,－,×
遊人のふりふりガールズ,POW,34516,テーブル,8900,－,×
ユートピア,エピック・ソニーレコード,34271,シミュレーション,9500,－,×
UFO仮面 ヤキソバン,DEN'Z,34621,アクション,5890,－,×
幽☆遊☆白書,ナムコ,34325,シミュレーション,9600,－,×
幽☆遊☆白書2 格闘の章,ナムコ,34495,対戦格闘,9600,－,×
幽☆遊☆白書 特別篇,ナムコ,34690,シミュレーション,9800,－,×
幽☆遊☆白書FINAL～魔界最強列伝～,ナムコ,34782,対戦格闘,9800,－,×
ゆうゆのクイズでGO!GO!,タイトー,33795,その他,8500,－,×
夢幻の如く,インテック,34320,RPG,9800,－,×
妖怪バスター ルカの大冒険,角川書店,34859,アクション,8800,－,×
ヨーロッパ戦線,光栄,33985,シミュレーション,12800,－,×
ヨギ・ベア,マジファクト,34702,アクション,8800,－,×
横綱物語,KSS,34572,スポーツ,9800,－,×
横山光輝 三国志,エンジェル,33781,シミュレーション,9500,－,×
横山光輝 三国志II,エンジェル,34332,シミュレーション,9800,－,×
横山光輝 三国志盤戯,エンジェル,34690,テーブル,9800,－,×
ヨッシーのクッキー,BPS,34159,パズル,6600,－,×
4人将棋,POW,34894,テーブル,9800,－,×
46億年物語,ゲームプラン21,33959,アクション,9600,－,×
ライオン・キング,ヴァージンゲーム,34677,アクション,9980,－,×
ライズ オブ ザ ロボッツ,T&Eソフト,34690,対戦格闘,10900,－,×
雷電伝説,東映動画,33571,シューティング,8700,－,×
ライトファンタジー,トンキンハウス,33788,RPG,8900,－,×
ライトファンタジーII,トンキンハウス,34999,RPG,9900,－,×
ライブ・ア・ライブ,スクウェア,34579,RPG,9900,－,×
ラグーン,ケムコ,33585,アクションRPG,8500,－,×
ラストバイブルIII,アトラス,34762,RPG,10800,－,×
ラスベガスドリーム,イマジニア,34222,その他,9800,－,×
ラッシング・ビート,ジャレコ,33690,アクション,8700,－,×
ラッシング・ビート修羅,ジャレコ,34320,アクション,9700,－,×
ラッシング・ビート乱 複製都市,ジャレコ,33960,アクション,9600,－,×
ラブクエスト,徳間書店インターメディア,34775,RPG,9800,－,×
ラプラスの魔,ビック東海,34894,RPG,9900,－,×
ラモス瑠偉のワールドワイドサッカー,パック・イン・ビデオ,34390,スポーツ,9500,－,×
ラリー・ニクソン・スーパー・バスフィッシング,キングレコード,34599,スポーツ,9800,－,×
真・聖刻,ユタカ,34810,RPG,9800,－,×
らんま1/2 朱猫団的秘宝,東宝、小学館プロダクション,34264,RPG,9800,－,×
らんま1/2 奥義邪暗拳,東宝、小学館プロダクション,34901,パズル,8800,－,×
らんま1/2 超技乱舞篇,東宝、小学館プロダクション,34452,対戦格闘,9980,－,×
らんま1/2～町内激闘篇～,日本コンピュータシステム,33690,対戦格闘,8800,－,×
らんま1/2～爆烈乱闘篇～,日本コンピュータシステム,33963,対戦格闘,9600,－,×
リーサルエンフォーサーズ,コナミ,34404,スポーツ,9800,－,×
リーディングカンパニー,光栄,34026,シミュレーション,12800,－,×
リーディングジョッキー,カロッツェリアジャパン,34593,その他,9800,－,×
リーディングジョッキー2,カロッツェリアジャパン,35027,その他,9800,－,×
リジョイス～アレサ王国の彼方～,やのまん,34810,アクションRPG,9900,－,×
リターン・オブ・双截龍,テクノスジャパン,33893,アクション,8600,－,×
リディック・ボウ ボクシング,マイクロネット,34296,スポーツ,8400,－,×
リトルマジック,アルトロン,34327,パズル,8900,－,×
リトルマスター～虹色の魔石～,徳間書店インターメディア,34880,シミュレーション,9900,－,×
リブルラブル,ナムコ,34599,アクション,6300,－,×
龍騎兵団ダンザルブ,ユタカ,34082,RPG,9500,－,×
龍虎の拳,ケイ・アミューズメントリース,34271,対戦格闘,9800,－,×
龍虎の拳2,ザウルス,34689,対戦格闘,10900,－,×
林海峯九段の囲碁大道,アスク講談社,35146,テーブル,14800,－,×
リングにかけろ,日本コンピュータシステム,35947,スポーツ,2000,ニンテンドーパワー専用,×
ルインアーム,バンダイ,34873,アクションRPG,10800,－,×
LOONEY TUNES ロードランナーVSワイリーコヨーテ,サンソフト,33960,アクション,8600,－,×
ルドラの秘宝,スクウェア,35160,RPG,8000,－,×
ルパン三世 伝説の秘宝を追え!,エポック社,34695,アクション,9800,－,×
RES ARCANA ディアーナ・レイ 占いの迷宮,ココナッツジャパンエンターテイメント,34803,その他,9500,－,×
レッキングクルー'98,任天堂,35938,パズル,3800,－,×
レッスルマニア・ジ・アーケードゲーム,アクレイム ジャパン,35125,スポーツ,11800,－,×
レッド・オクトーバー,アルトロン,34243,シューティング,8800,－,×
レディーストーカー～過去からの挑戦～,タイトー,34790,アクションRPG,9980,－,×
レナス,アスミック,33921,RPG,9600,－,×
レナスII,アスミック,35272,RPG,9980,－,×
レボリューションX,アクレイム ジャパン,35125,シューティング,11800,－,×
レミングス,サンソフト,33590,パズル,8500,－,×
レミングス2,サンソフト,34558,パズル,9800,－,×
レンダリング・レンジャーR2,ヴァージンインタラクティブエンターテインメント,35020,アクション,10800,－,×
ロイヤルコンクエスト,ジャレコ,33935,シミュレーション,8500,－,×
ロードス島戦記,角川書店,35055,RPG,10800,－,×
ロードモナーク,エポック社,33886,シミュレーション,8800,－,×
ロードランナーツイン,T&Eソフト,34544,パズル,8800,－,×
ろくでなしBLUES,バンダイ,34439,対戦格闘,9800,－,×
ロケッティア,アイ・ジー・エス,33662,アクション,8900,－,×
ロゴス・パニック,ユタカ,35020,パズル,9800,－,×
ロックマン&フォルテ,カプコン,35909,アクション,5800,－,×
ロックマン7 宿命の対決!,カプコン,34782,アクション,9800,－,×
ロックマンX,カプコン,34320,アクション,9500,－,×
ロックマンX2,カプコン,34684,アクション,9800,－,×
ロックマンX3,カプコン,35034,アクション,9800,－,×
ロックマンズサッカー,カプコン,34418,スポーツ,9000,－,×
ロックンロールレーシング,ナムコ,34337,レース,7900,－,×
ロマンシング サ・ガ,スクウェア,33631,RPG,9500,－,×
ロマンシング サ・ガ2,スクウェア,34313,RPG,9900,－,×
ロマンシング サ・ガ3,スクウェア,35014,RPG,11400,－,×
ワールドカップストライカー,ココナッツジャパンエンターテイメント,34502,スポーツ,9980,－,×
ワールドカップUSA'94,サンソフト,34544,スポーツ,9800,－,×
ワールドクラスラグビー,ミサワエンターテインメント,33998,スポーツ,7900,－,×
ワールドクラスラグビー2,ミサワエンターテインメント,34341,スポーツ,9300,－,×
ワールド・サッカー,ココナッツジャパンエンターテイメント,34166,スポーツ,9500,－,×
ワールドヒーローズ,サンソフト,34193,対戦格闘,9800,－,×
ワールドヒーローズ2,ザウルス,34516,対戦格闘,9980,－,×
ワイアラエの奇蹟,T&Eソフト,33865,スポーツ,9800,－,×
ワイルドガンズ,ナツメ,34558,シューティング,9200,－,×
ワイルドトラックス,任天堂,34489,レース,9800,－,×
若貴大相撲～夢の兄弟対決～,イマジニア,34285,スポーツ,9800,－,×
ワギャンパラダイス,ナムコ,34684,アクション,8800,－,×
わくわくスキー わんだあシュプール,ヒューマン,34712,スポーツ,9600,－,×
笑っていいとも!タモリンピック,アテナ,34452,その他,9500,－,×
ワンダープロジェクトJ 機械の少年ピーノ,エニックス,34677,アドベンチャー,11800,－,×
ワンダラス マジック,アスキー,34320,RPG,9800,－,×
